pos	sem	tok
PROPN AUX ADJ VERB PUNCT	ORG NOW ORG EXT NIL	Kraft heeft Celestial~Seasonings verkocht .
PROPN VERB NUM NOUN PUNCT	PER EPS QUC CON NIL	Raman~Raghav vermoordde negen mensen .
PROPN VERB ADP NUM PUNCT	PER EPS REL YOC NIL	Charles~de~Gaulle overleed in 1970 .
NOUN PROPN PROPN VERB ADP PROPN PUNCT	ROL PER ORD EPS REL GPE NIL	Paus Pius VI stierf in Frankrijk .
PRON NOUN VERB ADP DET NOUN PUNCT	HAS CON EPS REL DEF CON NIL	Ons vliegtuig vloog boven de wolken .
PROPN AUX NUM NOUN ADJ SCONJ PRON PUNCT	PER NOW QUC UOM MOR REL PRO NIL	Bill is twee jaar ouder dan ik .
PRON VERB PRON PUNCT	PRO EPS PRO NIL	Ze beledigde hem .
PROPN AUX VERB ADP NOUN PUNCT	PER PST EXS REL ROL NIL	Mary werd ontvoerd door piraten .
NOUN PROPN DET NOUN AUX ADJ PUNCT	ROL PER HAS CON NOW DEG NIL	Meneer White 's tuin is groot .
PRON AUX ADV PRON NOUN VERB PUNCT	PRO NOW IST HAS CON EXT NIL	Ik heb zojuist uw brief ontvangen .
DET NOUN AUX ADP PROPN VERB PUNCT	QUE CON NOW REL PER EXS QUE	Welk bedrijf is door Nicholas~Brady opgericht ?
PRON VERB ADP VERB PUNCT	PRO ENS REL CON NIL	Ik kijk naar kunstschaatsen .
PROPN VERB ADJ PUNCT	PER ENS IST NIL	Tom zingt mooi .
PRON AUX DET NOUN VERB PUNCT	PRO NOW DEF CON EXT NIL	Ik heb de wijn gedronken .
ADV AUX PROPN PROPN VERB PUNCT	POS NOW PER PER EXT NIL	Misschien heeft Tom Mary gekust .
DET ADJ ADJ NOUN VERB ADP DET NOUN PUNCT	DEF DEG CON CON ENS REL DST CON NIL	De grote witte hond kijkt naar die kat .
PROPN PROPN NOUN PUNCT	PER ENS CON NIL	Tom grillt vlees .
PRON VERB ADP PROPN PUNCT	PRO ENS REL CON EMP	Ik hou van chocoladeijs !
PROPN VERB ADP NUM PUNCT	PER EPS REL YOC NIL	Charles~de~Gaulle overleed in 1970 .
PROPN VERB ADP PROPN PUNCT	GPE ENS REL GPE NIL	Pretoria ligt in Ivoorkust .
NOUN VERB ADP NUM DET NOUN ADP PUNCT	PER EPS REL YOC DEF CON REL NIL	Alfred~Nobel vond in 1866 het dynamiet uit .
PROPN AUX ADJ SCONJ PRON NOUN PUNCT	PER NOW MOR REL HAS ROL NIL	Tom is groter dan zijn moeder .
PRON AUX PRON NOUN ADV VERB PUNCT	PRO POS HAS CON NOT EXS NIL	Je mag mijn pen niet gebruiken .
DET NOUN ADP PRON NOUN AUX ADJ PUNCT	DEF CON REL HAS CON NOW COL NIL	Het dak van mijn huis is rood .
PRON VERB PRON ADP PRON PUNCT	PRO ENS NOT REL PRO NIL	Ik ken niemand van hen .
PRON AUX NUM X VERB ADP DET NOUN PUNCT	PRO NOW QUC UOM EXT REL PRX CON NIL	Hij heeft 1000 yen betaald voor dit boek .
PRON VERB DET NOUN ADP VERB PUNCT	PRO EPS DEF CON NIL EXS NIL	Ze vergat de brief te posten .
PROPN PROPN VERB PUNCT	ROL PER EPS NIL	Mr. Smith kwam .
PRON AUX NOUN ADP PRON NOUN PUNCT	PRO NOW EXS REL HAS CON NIL	Ik heb pijn aan mijn achterste .
PRON VERB DET NOUN PUNCT	PRO ENS DIS CON NIL	Ze draagt een zonnebril .
PRON VERB PROPN PUNCT	PRO ENS CON NIL	Hij leert Chinees .
PRON VERB NOUN PUNCT	PRO EPS CON NIL	Hij brouwde bier .
PRON VERB ADP DET ADJ NOUN PUNCT	PRO ENS REL DIS IST CON NIL	Ze lijdt aan een besmettelijke ziekte .
PRON AUX VERB ADP PROPN PUNCT	PRO NOW EXT REL GPE NIL	Ik ben geboren in Rusland .
PROPN VERB DET NOUN PUNCT	PER EPS DEF CON NIL	Tom knoeide de melk .
PROPN AUX PRON VERB PUNCT	PER NOW PRO EXT NIL	Betty heeft hem gedood .
ADV VERB ADV ADJ NOUN PUNCT	NIL ENS ALT GPO ROL NIL	Er zijn ook Franse touristen .
PRON AUX ADJ VERB PUNCT	PRO NOW INT IST NIL	Je bent erg sexy .
PRON AUX ADJ SCONJ PRON AUX VERB PUNCT	PRO NOW IST SUB PRO FUT EXS NIL	Ik ben zeker dat hij zal slagen .
PRON AUX DET NUM NOUN ADJ PUNCT	PRO NOW NOT QUC UOM DEG NIL	Ik ben geen dertig jaar oud .
DET PRON AUX ADJ ADJ PUNCT	DEF CON NOW INT DEG NIL	Het meer is heel diep .
PRON VERB ADP DET NOUN PUNCT	PRO ENS REL DEF CON NIL	Ik hou van de oceaan .
PRON AUX NOUN PUNCT	PRO NOW CLO NIL	Het is vijf~voor~vier .
PRON AUX DET NOUN ADJ NOUN PUNCT	PRO FUT DEF CON ALT EXS NIL	Ik zal de borden nog~eens afwassen .
PROPN AUX DET ADJ NOUN PUNCT	PER ENS NOT IST ROL NIL	Tom is geen slechte trainer .
DET NOUN VERB DET ADJ NOUN PUNCT	PRX CON ENS DIS IST CON NIL	Deze kaas heeft een scherpe smaak .
PROPN AUX DET NOUN ADP PRON PUNCT	PER ENS DIS ROL REL PRO NIL	Tom is een vriend van mij .
PRON AUX DET NOUN VERB PUNCT	NOT POS PRX CON EXS NIL	Niemand kan dit probleem oplossen .
PRON AUX ADJ PUNCT	PRO NOW DEG NIL	Hij is oud .
PRON NOUN VERB DET NOUN ADJ PUNCT	HAS ROL EPS DEF CON COL NIL	Mijn vader verfde de brievenbus rood .
PROPN PUNCT	GRE EMP	Hoi .
ADV VERB PRON ADP PROPN PUNCT	FUT EFS PRO REL GPE NIL	Morgen ga ik naar Parijs .
PRON VERB ADP PRON PUNCT	PRO ENS REL PRO NIL	Ze houdt van hem .
PRON VERB ADP NOUN ADP DET NOUN PUNCT	PRO EPS REL GPE REL DEF CON NIL	Ik ging naar Bali in de zomer .
PRON AUX PRON NOUN PUNCT	PRX ENS HAS CON NIL	Dit is mijn fiets .
PRON AUX ADJ PUNCT	PRO NOW IST NIL	Ik ben bezig .
PROPN VERB PRON ADP PROPN PUNCT	PER ENS DIS REL PER NIL	Tom fluistert iets tegen Mary .
PRON NOUN AUX PROPN PUNCT	HAS CON ENS LIT NIL	Mijn naam is Emily .
PRON AUX PRON NOUN ADJ ADV VERB PUNCT	PRO POS HAS IST CON NOT EXS NIL	Ik kan mijn rechter arm niet optillen .
ADJ NOUN PRON ADP PROPN PUNCT	NOW ENS PRO REL GPE NIL	Momenteel werk ik in Tokio .
ADP PRON AUX PRON NUM VERB PUNCT	REL QUE PST PRO PRG EXS QUE	Met wie was je aan~het praten ?
PRON NOUN VERB ADP DET NOUN PUNCT	HAS CON ENS REL DEF CON NIL	Je horloge ligt op het bureau .
PRON AUX DET NOUN VERB PUNCT	PRO NOW DEF CON EXT NIL	We hebben de kolen opgemaakt .
DET ADJ NOUN AUX ADJ PUNCT	DEF COL CON NOW IST NIL	De rode rok is nieuw .
PRON VERB ADP DET NOUN PUNCT CCONJ PRON NOUN VERB ADP DET NOUN PUNCT	PRO ENS REL DIS CON NIL BUT HAS ROL ENS REL DEF CON NIL	Ik woon in een stad , maar mijn ouders wonen op het platteland .
PRON AUX DET NOUN VERB PUNCT	NOT NOW DEF CON EXT NIL	Niemand heeft het probleem opgelost .
PRON VERB DET NOUN ADP DET NOUN PUNCT	PRO EPS DEF CON REL DIS CON NIL	Hij sneed het vlees met een mes .
PRON VERB PRON ADV ADV PUNCT	PRO ENS PRO EMP NOT NIL	Ik ken haar helemaal niet .
PRON VERB NOUN PUNCT	PRO EPS CON NIL	Zij plukte bloemen .
PRON VERB PRON NOUN PUNCT	PRO EPS HAS ROL NIL	Ze haatte haar echtgenoot .
PRON AUX PRON PUNCT	PRO ENS REF NIL	Ik was mij .
PRON ADJ NOUN AUX NOUN PUNCT	HAS TOP CON ENS ORG NIL	Haar favoriete band is Warpaint .
PRON VERB DET NOUN PUNCT	PRO ENS DIS CON NIL	Ik eet een appel .
PRON NOUN AUX ADJ NOUN PUNCT	HAS ROL NOW INT IST NIL	Mijn vriendin is erg jaloers .
DET NOUN VERB PUNCT DET NOUN VERB PUNCT DET NOUN PROPN PUNCT DET NOUN VERB CCONJ DET NOUN VERB PUNCT	DEF CON ENS AND DEF CON ENS AND DEF CON ENS AND DEF CON ENS AND DEF CON ENS NIL	De koe loeit , de haan kraait , het varken knort , de eend kwaakt en de kat miauwt .
DET NOUN AUX ADP NUM PROPN NUM ADP DET NOUN ADP DET NOUN VERB PUNCT	QUE ROL PST REL DOM MOY YOC REL DIS CON REL DEF CON EXS QUE	Welke tennisspeelster werd op 30 april 1993 met een mes in de rug gestoken ?
ADP PRON AUX ADJ VERB PUNCT	REL QUE NOW PER IST QUE	Met wie is Miguel~Indurain getrouwd ?
PRON VERB PUNCT	AND EPS NIL	Iedereen sprong .
PRON NOUN VERB ADP ADP DET NOUN PUNCT	HAS CON EPS REL REL DEF CON NIL	Onze heteluchtballon steeg op naar de hemel .
PRON NOUN VERB ADP PUNCT	HAS CON ENS REL NIL	Zijn mobiele~telefoon staat uit .
PROPN VERB NOUN CCONJ PROPN VERB PUNCT	PER EPS CON AND PER EPS NIL	Dick speelde piano en Lucy zong .
DET NOUN PRON PRON NOUN VERB ADP NOUN CCONJ NOUN PUNCT	DEF CON AND DIS ENS ENS REL CON GRP CON NIL	De lucht die we inademen bestaat uit zuurstof en stikstof .
PROPN VERB ADP PRON NOUN CCONJ VERB ADV PUNCT	PER EPS REL HAS CON COO EPS REL NIL	Tom stapte op zijn fiets en reed weg .
PRON AUX ADV ADJ PUNCT	PRO NOW INT IST NIL	Zij is zeer mooi .
DET NOUN AUX ADJ PUNCT	DEF CON NOW IST NIL	Het vlees is rauw .
PRON AUX PRON NOUN VERB PUNCT	PRO NOW HAS CON EXT NIL	Ik heb mijn portefeuille verloren .
PRON AUX PRON ADV VERB PUNCT	PRO POS PRO NOT EXS NIL	Ik kan jullie niet helpen .
NOUN PROPN VERB PROPN ADP PROPN NUM PUNCT	ROL PER EPS GPE REL MOY YOC NIL	Kapitein Scott bereikte Scotteiland in December 1902 .
PROPN AUX ADV ADV ADJ SCONJ PROPN PUNCT	PER NOW NOT EQU IST REL PER NIL	Bill is niet zo groot als Bob .
SYM AUX DET ADJ NOUN ADP DET NOUN PUNCT	GPE ENS DEF TOP CON REL DEF CON NIL	New~York is de grootste stad van de wereld .
PRON VERB DET NOUN ADP PRON NOUN PUNCT	PRO EPS DEF CON REL HAS CON NIL	Hij sneed het touw met zijn tanden .
PRON AUX PROPN VERB PUNCT	PRO NOW PER EXT NIL	Ik heb Ken gekozen .
PRON VERB ADP DET NOUN PUNCT	PRO ENS REL DEF CON NIL	Hij werkt in het laboratorium .
PRON VERB ADP DET NOUN PUNCT	PRO ENS REL DIS CON NIL	Hij woont in een dorp .
PRON AUX VERB ADP PROPN PUNCT	PRO PST EXS REL GPE NIL	Zij waren geboren in Thailand .
PRON VERB PRON ADP DET NOUN PUNCT	PRO EPS PRO REL DIS CON NIL	Ze doodde hem met een mes .
DET NOUN VERB ADP DET NOUN PUNCT	DEF ROL EPS REL DEF CON NIL	De misdadiger vluchtte uit de gevangenis .
DET NOUN VERB NUM NOUN PUNCT	DEF CON EPS QUC UOM NIL	De regen duurde vijf dagen .
PRON NOUN VERB PRON DET NOUN PUNCT	HAS ROL EPS PRO DIS CON NIL	Mijn oom gaf hem een geschenk .
PROPN VERB DET ADJ NOUN PUNCT	PER ENS DIS CON CON NIL	Mary draagt een plastic jurk .
PRON AUX PRON VERB PUNCT	PRO PST PRG EXS NIL	Ik was aan~het slapen .
PRON AUX ADJ PUNCT	PRO NOW IST EMP	Ik ben slaperig !
PRON VERB VERB PUNCT	PRO ENS CON NIL	Ik haat spinazie .
PRON VERB PUNCT	AND EPS NIL	Iedereen wachtte .
PROPN VERB NOUN CCONJ PROPN VERB PUNCT	PER EPS CON COO PER EPS NIL	Tom speelde piano en Mary zong .
PRON NOUN AUX ADJ SCONJ PRON PUNCT	HAS ROL NOW MOR REL PRO NIL	Mijn zus is jonger dan mij .
PRON AUX ADJ ADJ PUNCT	PRO PST INT IST NIL	Hij was zwaar gewond .
PRON VERB NUM NOUN PUNCT	PRO ENS QUC CON NIL	Ik heb twee katten .
PRON VERB DET ADJ NOUN ADP DET PROPN PUNCT	PRO EPS DEF IST CON REL DEF CON NIL	Zij zette de vuile borden in de gootsteen .
DET NOUN VERB DET ADJ NOUN PUNCT	DEF CON EPS DEF DEG CON NIL	Het vuur verwoestte het hoge gebouw .
PROPN VERB ADP NUM PROPN PUNCT	PER EPS REL DOM MOY NIL	Carl~Smith stierf op 8 augustus .
PROPN AUX VERB ADP DET NOUN PUNCT	PER PST EXS REL DST CON NIL	Bill werd gedood door die man .
PRON AUX DET NOUN VERB PUNCT	QUE NOW DEF CON EXT QUE	Wie heeft de telefoon uitgevonden ?
DET NOUN ADP DET NOUN AUX ADJ PUNCT	AND ROL REL DEF CON PST IST NIL	Elk lid van de club was aanwezig .
PRON AUX ADP PROPN VERB PUNCT	PRO NOW REL GPE EXT NIL	Ik ben in Amerika geboren .
PRON VERB PRON NOUN DET NOUN PUNCT	PRO EPS HAS ROL DIS CON NIL	Ik gaf mijn broer een woordenboek .
PRON VERB ADJ PUNCT	PRO ENS CON NIL	Ik heb hooikoorts .
PRON AUX ADV DET VERB PUNCT	NIL NOW ALT PRG EXS NIL	Het is weer aan~het regenen .
PRON NOUN AUX ADJ PUNCT	HAS CON ENS CON NIL	Mijn moedertaal is Japans .
PRON VERB PRON NOUN ADP ADP NOUN PUNCT	PRO EPS HAS ROL REL REL CON NIL	Ik kwam je broer tegen op straat .
PROPN PROPN PUNCT	PER EPS NIL	Sita glimlachte .
DET NOUN AUX ADJ PUNCT	DEF CON NOW IST NIL	De man heeft gelijk .
DET NOUN VERB ADP DET NOUN PUNCT	DIS CON ENS REL DEF CON NIL	Een koekje ligt onder de tafel .
PRON NOUN AUX NUM NOUN VERB PUNCT	HAS ROL NOW QUC CON EXT NIL	Mijn moeder heeft tien eieren gekookt .
PRON AUX NUM VERB PUNCT	PRO PST PRG EXS NIL	Ik was aan~het roken .
PROPN AUX DET NOUN PUNCT	PER ENS DIS CON NIL	Kate heeft een verkoudheid .
PROPN VERB DET NOUN ADP NUM NOUN PUNCT	CON EPS DEF CON REL QUC UOM NIL	God schiep deze wereld in zes dagen .
PROPN AUX ADV ADV ADJ SCONJ PRON PUNCT	PER NOW NOT EQU IST REL PRO NIL	Tom is niet zo getalenteerd als jij .
ADP DET NOUN VERB PRON DET NOUN PUNCT	BUT AND CON ENS PRO DIS ROL NIL	Ondanks alle tegenslagen blijft hij een optimist .
PRON AUX NUM PUNCT	PRO NOW QUC NIL	Ik ben veertig .
DET NOUN VERB DET NOUN PUNCT	DEF ROL ENS DEF CON NIL	De toeristen bezoeken het museum .
PROPN VERB SCONJ DET NOUN VERB AUX PUNCT	PER EPS SUB DEF CON IST PST NIL	Tom merkte dat de deur geopend was .
ADV AUX PRON VERB PUNCT	POS FUT PRO EXS NIL	Misschien zal je slagen .
PRON VERB DET NOUN PUNCT	PRO EPS DIS CON NIL	Ik zag een ufo .
PRON NOUN AUX NOUN PUNCT	HAS CON NOW IST NIL	Mijn koffer is stuk .
PRON NOUN AUX PROPN PUNCT	HAS CON ENS CON NIL	Mijn moedertaal is Pools .
PRON VERB PRON DET ADJ NOUN PUNCT	PRO EPS PRO DIS IST CON NIL	Hij vertelde mij een interessant verhaal .
DET NOUN AUX PRON PUNCT	HAS CON ENS PRX QUE	Wiens schoenen zijn dit ?
DET NOUN VERB PRON VERB PUNCT	DEF ROL EPS DEF CON NIL	De boogschutter doodde het hert .
PRON VERB DET NOUN PUNCT	PRO ENS DIS CON NIL	Ik rij een cabriolet .
PROPN VERB PRON DET NOUN PUNCT	PER EPS PRO DIS CON NIL	Maria schreef me een brief .
DET NOUN NOUN ADP PROPN PUNCT	DEF CON EPS REL PER NIL	De kat blies naar Tom .
PRON VERB DET NOUN ADP PRON NOUN PUNCT	PRO EPS DIS CON REL HAS CON NIL	Ze had een moedervlek op haar gezicht .
PROPN VERB NUM NOUN ADP PROPN PUNCT	GPE EPS QUC CON REL GPE NIL	Roemenië stuurde 730 troepen naar Irak .
PROPN AUX DET NOUN ADV VERB PUNCT	PER NOW DEF CON NOT EXT NIL	Bill heeft de misdaad niet begaan .
PRON AUX DET NOUN VERB PUNCT	PRO NOW DIS CON EXT NIL	Ik heb een glas gebroken .
PRON NOUN VERB ADP NUM NOUN PUNCT	HAS CON ENS REL QUC CON NIL	Onze klas bestaat uit 40 jongens .
PRON AUX ADJ PUNCT	PRO NOW IST NIL	't Is gratis .
DET NOUN AUX VERB ADP NUM PUNCT	PRX CON PST EXS REL YOC NIL	Deze school is opgericht in 1650 .
NOUN AUX DET NOUN ADP PROPN PUNCT	GPE ENS DEF CON REL GPE NIL	Buenos~Aires is de hoofdstad van Argentinië .
PRON NOUN AUX ADJ ADJ ADP DET NOUN PUNCT	HAS CON NOW INT IST REL DEF CON NIL	Zijn huis is heel ver van het station .
ADP NOUN AUX PRON ADV PUNCT	REL CLO FUT PRO IST NIL	Om zes~uur ben ik terug .
PRON VERB ADP NOUN PUNCT	PRO ENS REL CON NIL	Ik hou van chocolade .
PRON VERB ADP NOUN PUNCT	PRO ENS REL CON NIL	Ik krijs om ijs .
DET NOUN VERB NUM NOUN	PRX CON ENS QUC UOM	Dit boek kost 4 dollar
PRON VERB ADV ADP PROPN PUNCT	PRO ENS NOT REL PER NIL	Ik werk niet voor Tom .
AUX PRON ADP DET PRON VERB PUNCT	POS PRO REL DEF CON EXS QUE	Mag ik naar de wc gaan ?
PRON VERB PRON ADP DET NOUN PUNCT	PRO EPS PRO REL DEF CON NIL	Hij klopte me op de schouder .
PRON AUX NUM NOUN ADJ PUNCT	PRO NOW QUC UOM DEG NIL	Ze is veertig jaar oud .
PRON VERB DET NOUN PUNCT	PRO ENS DIS ROL NIL	Ik ben een tennisspeler .
PROPN VERB DET VERB NOUN ADP DET NOUN PUNCT	PER EPS DIS EXS CON REL DEF CON NIL	Tom plakte een handgeschreven briefje op de deur .
DET NOUN VERB ADP DET NOUN PUNCT	DEF CON EPS REL DEF CON NIL	De jongen sprong in het water .
PROPN PROPN DET NOUN PUNCT	PER ENS DEF CON NIL	Tom melkt de koeien .
PROPN AUX DET NOUN VERB PUNCT	PER ENS DIS PST ROL NIL	Tom is een ex- gedetineerde .
PRON DET ADJ NOUN AUX PRON PUNCT	EMP DIS IST ROL ENS PRO EMP	Wat een onaangename kerel is hij !
PRON VERB ADV PUNCT	PRO ENS NOT NIL	Hij rookt niet .
PRON AUX PRON NOUN ADV VERB PUNCT	PRO POS HAS CON NOT EXS NIL	Ik kan mijn horloge niet vinden .
PRON AUX NOUN ADP DET NOUN PUNCT	PRO NOW CLO REL DEF CON NIL	Het is twee~uur in de namiddag .
PRON AUX NOUN PUNCT	PRO NOW CLO NIL	Het is een~uur .
PRON VERB ADV PUNCT	PRO ENS AND NIL	Ze glimlacht altijd .
PROPN VERB DET NOUN PUNCT	PER ENS NOT CON NIL	Tom heeft geen creditcard .
ADV AUX DET NOUN PROPN VERB PUNCT	QUE PST DEF ROL PER EXS QUE	Waar is de regisseur Michelangelo~Antonioni geboren ?
DET NOUN VERB ADP PRON PUNCT	DEF CON EPS REL PRO NIL	De hond gromde naar mij .
PROPN VERB ADP PROPN PUNCT	PER ENS REL CON NIL	Tom houdt van Emmentaler .
PRON AUX DET NOUN ADV VERB PUNCT	PRO NOW DST CON NOT EXT NIL	Ik heb die deur niet opengemaakt .
PRON AUX PROPN VERB PUNCT	PRO NOW CON EXT NIL	Ik heb pizza besteld .
NOUN VERB DET ADJ NOUN PUNCT	PER ENS DEF GPO CON NIL	Romano~Prodi wint de Italiaanse voorverkiezingen .
PRON VERB PRON PUNCT	DIS ENS PRO NIL	Iemand roept je .
AUX PRON VERB ADP DET NOUN PUNCT	POS PRO EXS REL PRX CON QUE	Mogen we rolschaatsen in dit park ?
PRON AUX ADJ ADP PRON NOUN PUNCT	PRO NOW IST REL HAS ROL NIL	Hij is trots op zijn zoon .
PRON AUX PRON ADJ NOUN ADP PUNCT	PRO EPS HAS CON IST REL NIL	Hij had zijn hemd binnenste~buiten aan .
PRON AUX ADJ ADP DET NOUN PUNCT	PRO NOW IST REL DEF CON NIL	Ze is tevreden met de jurk .
PRON NOUN VERB ADP PROPN PUNCT	HAS ROL ENS REL GPE NIL	Mijn ouders komen uit China .
PRON AUX ADJ ADP PRON PUNCT	PRO NOW IST REL PRO NIL	Ik ben verliefd op jou .
PRON AUX ADP DET ADJ NOUN VERB PUNCT	PRO PST REL DIS IST ROL EXS NIL	Ik werd door een oude vriend uitgenodigd .
PRON AUX DET NOUN VERB ADP PRON PUNCT	PRO NOW DEF CON EXT REL PRO NIL	Ik heb de radio gerepareerd voor hem .
PRON AUX DET NOUN VERB PUNCT	PRO NOW DEF CON EXT NIL	Ik heb de zakdoek gestreken .
PRON AUX VERB PUNCT	NIL PST EXT NIL	Het had gesneeuwd .
PRON VERB DET NOUN PUNCT SCONJ PRON VERB PUNCT	PRO EPS DIS CON NIL SUB NIL EPS NIL	Ik nam een taxi , omdat het regende .
PRON AUX DET NOUN VERB PUNCT	PRO NOW DIS CON EXT NIL	U heeft een ara gekocht .
PROPN VERB DET NOUN ADP PRON PUNCT	PER EPS DIS CON REL REF NIL	Mary kocht een microscoop voor zichzelf .
PRON VERB DET PROPN PUNCT	PRO ENS NOT CON NIL	Hij spreekt geen Engels .
PRON AUX NUM PUNCT	PRO NOW QUC NIL	Hij is acht .
DET ADJ NOUN AUX PRON VERB PUNCT	DEF DEG CON NOW PRG EXS NIL	Het jonge meisje is aan~het zingen .
PRON VERB NOUN PUNCT	AND ENS CON NIL	Iedereen maakt fouten .
PROPN VERB ADP PROPN PUNCT	GPE ENS REL GPE NIL	Illinois grenst aan Missouri .
PROPN VERB DET PROPN PUNCT	ORG EPS DEF ORG NIL	Canada versloeg de VS .
PRON AUX ADV ADV ADJ SCONJ PRON NOUN PUNCT	PRO NOW NOT EQU IST REL HAS ROL NIL	Hij is niet zo slim als zijn broer .
PRON AUX ADV ADJ SCONJ PRON PUNCT	PRO NOW QUV MOR REL PRO NIL	Zij is veel zwaarder dan hij .
PRON AUX NOUN VERB PUNCT	PRO POS CON EXS NIL	Hij kan fluit spelen .
PRON AUX DET NOUN PUNCT	PRO ENS DIS ROL NIL	Je bent een workaholic .
DET NOUN AUX ADV ADJ PUNCT	DST CON NOW INT IST EMP	Die vent is helemaal kierewiet !
PROPN VERB PROPN PUNCT	ORG EPS ORG NIL	Italië versloeg Kazachstan .
PROPN AUX ADP PROPN VERB PUNCT	PER PST REL GPE EXS NIL	Vladislav~Listjev is in Moskou vermoord .
PRON VERB DET NOUN ADP PUNCT	PRO EPS DEF CON REL NIL	Ze ruimde de tafel af .
PRON AUX DET NOUN VERB PUNCT	PRO NOW DST CON EXT NIL	Ik heb dat telefoonummer opgeschreven .
PROPN AUX ADJ SCONJ PROPN	GPE NOW MOR REL GPE	Tokyo is groter als Rome
PROPN VERB DET NOUN PUNCT	PER ENS NOT CON NIL	Tom heeft geen creditcard .
PRON VERB ADP NOUN PUNCT	NOT ENS REL CON NIL	Niemand houdt van oorlog .
PROPN AUX ADP DET NOUN VERB PUNCT	PER PST REL DEF ROL EXS NIL	Karel~de~Grote werd door de paus gekroond .
PRON AUX ADJ ADJ ADP PRON PUNCT	PRO PST INT IST REL PRO NIL	Ze waren erg aardig voor me .
NOUN AUX VERB ADP NOUN ADP PROPN PUNCT	PER PST EXS REL CON REL GPE NIL	Saad~Hariri werd verkozen tot minister-president van Libanon .
AUX PRON ADV ADJ PUNCT	NOW PRO NOT IST QUE	Ben je niet moe ?
ADV VERB DET NOUN PUNCT	QUE ENS DEF CON QUE	Waar is het toilet ?
PRON AUX ADV ADV ADJ PUNCT	PRO NOW EMP NOT IST NIL	Ik ben helemaal niet moe .
AUX PRON PRON NOUN PUNCT	ENS PRX HAS CON QUE	Is dit uw boek ?
NOUN ADJ VERB DET PROPN DET NOUN PUNCT	ROL PER ENS AND DOW DIS CON NIL	Mevrouw Klein geeft elke vrijdag een test .
PRON NOUN AUX ADJ PUNCT	HAS ROL NOW IST NIL	Mijn zuster is beroemd .
PRON AUX VERB PUNCT	PRO NOW IST NIL	Ik ben getrouwd .
DET NOUN AUX ADJ NOUN PUNCT	DEF CON PST IST CON NIL	De kamer was propvol mensen .
PRON VERB NUM NOUN PUNCT	PRO ENS QUC ROL NIL	Ik heb twee nichtjes .
PRON NOUN AUX ADJ PUNCT	HAS ROL NOW GPO NIL	Zijn vriendin is Japans .
PRON VERB ADJ VERB PUNCT	PRO ENS GPE EXS NIL	Ik wil Korea bezoeken .
PRON AUX ADJ SCONJ PRON PUNCT	PRO NOW MOR REL PRO NIL	Ik ben groter dan hij .
PROPN AUX ADJ ADJ ADP PROPN PUNCT	PER PST INT IST REL PER NIL	Tom was heel boos op Mary .
PROPN CCONJ PROPN VERB NOUN PUNCT	PER GRP PER ENS CON NIL	Tom en Mary spelen tikkertje .
DET NOUN AUX ADJ PUNCT	DEF CON NOW IST NIL	De deur is dicht .
PROPN VERB ADP DET NOUN PUNCT	PER EPS REL DIS CON NIL	Tom zat op een boomstam .
DET NOUN AUX VERB PUNCT	DEF CON NOW IST NIL	Het vlees is bevroren .
PROPN AUX ADJ ADJ PUNCT	PER PST INT IST NIL	Tom was heel behulpzaam .
PRON AUX ADJ PUNCT	PRO NOW CLO NIL	Het is vijf~voor~zes .
PRON AUX DET NOUN PUNCT	PRO EPS NOT CON NIL	Het was geen grap .
PRON AUX DET NOUN PUNCT	PRO ENS DIS ROL NIL	Je bent een schurk .
PROPN VERB NUM NOUN PUNCT	PER EPS QUC ROL NIL	Cristiani vermoordde zes jezuïeten .
NOUN ADJ ADP DET PROPN PUNCT	PER ENS REL DEF GPE NIL	Saddam~Hoessein vlucht naar de VS .
PROPN VERB DET PROPN PUNCT	PER ENS DEF ORG NIL	Castro bezoekt de VN .
PRON AUX PRON VERB ADP NUM NOUN PUNCT	PRO NOW PRO EXT REL QUC UOM NIL	Ik heb het gekocht voor tien dollar .
PRON AUX ADJ ADP NOUN PUNCT	PRO NOW IST REL CON NIL	Ik ben dol op auto's .
PRON VERB ADP DET NOUN PUNCT	PRO EPS REL DIS ROL NIL	Hij trouwde met een stewardess .
PRON VERB ADP DET NOUN PUNCT	DIS ENS REL DEF CON NIL	Iemand klopt op de deur .
DET NOUN AUX ADP DET NOUN VERB PUNCT	DEF CON PST REL DEF CON EXS NIL	De kist werd in de lijkwagen geladen .
DET NOUN VERB PUNCT	DEF CON EPS NIL	Het huis stonk .
NUM NOUN ADV AUX PRON DET NOUN VERB PUNCT	QUC UOM PST NOW PRO PRX CON EXT NIL	Vier jaar geleden heb ik deze fiets gekocht .
PRON NOUN ADJ PUNCT	NOW CON IST QUE	Zijn wespen giftig ?
PRON AUX ADV NOUN ADP PROPN PUNCT	PRO NOW NOT IST REL PER NIL	Ik ben niet jaloers op Tom .
DET NOUN AUX ADP DET NOUN PUNCT	DEF CON ENS REL DEF CON NIL	De theepot is onder de tafel .
PRON AUX ADV ADJ SCONJ PRON PUNCT	PRO NOW EQU IST REL PRO NIL	Hij is even groot als ik .
PROPN AUX VERB ADP NOUN PUNCT	ART PST EXS REL PER NIL	Le~Beau~Serge werd geregisseerd door Chabrol .
PROPN VERB ADV ADP PROPN PUNCT	ORG EPS REL REL PER NIL	Placebo werkte samen met Marilyn~Manson .
ADJ AUX ADP NUM VERB PUNCT	PER PST REL YOC EXS NIL	Martin~Luther~King werd in 1968 vermoord .
PRON VERB DET ADJ NOUN PUNCT	PRO EPS DIS IST CON NIL	Ik had een vreselijke maagpijn .
PRON VERB SCONJ PRON ADJ AUX PUNCT	PRO ENS SUB PRO IST NOW NIL	Ik weet dat ze mooi is .
PRON NOUN AUX PROPN PUNCT	HAS CON ENS CON NIL	Mijn moedertaal is Spaans .
PRON VERB PROPN PUNCT	PRO ENS CON NIL	Ik leer Tsjechisch .
DET NOUN VERB NUM NOUN ADP NOUN PUNCT	DEF CON EPS QUC UOM UOM UOM NIL	De trein ging 500 mijl per uur .
PRON AUX ADV ADJ PUNCT	PRO NOW AND IST NIL	Hij is altijd bezig .
PRON AUX DET ADJ NOUN PRON PROPN VERB PUNCT	QUE EPS DEF ORD CON AND PER EPS QUE	Wat was de eerste film die John~Milius regisseerde ?
NUM VERB DET NOUN PUNCT	QUE ENS PRX CON QUE	Hoeveel kost deze banaan ?
PROPN AUX ADP NUM ADP DET NOUN PROPN VERB PUNCT	PER PST REL YOC REL DEF CON GPE EXT NIL	Napoleon werd in 1814 naar het eiland Elba verbannen .
PROPN AUX DET NOUN ADP PROPN PUNCT	GPE ENS DIS CON REL GPE NIL	Auckland is een stad in Nieuw-Zeeland .
PRON VERB ADP PRON PUNCT	PRO EPS REL PRO NIL	Ze staarden naar haar .
DET NOUN VERB ADP DET NOUN PUNCT	DEF CON EPS REL DEF CON NIL	De vogel zong in de boom .
PRON VERB NUM NOUN PUNCT	PRO EPS QUC UOM NIL	Hij had vijftig dollar .
DET NOUN AUX VERB ADP PROPN ADP NUM PROPN ADJ SYM PUNCT	DEF CON PST EXS REL PER REL YOC REL YOC NIL NIL	De telefoon is uitgevonden door Bell in 1876 [ achttien~zesenzeventig ] .
PRON NOUN AUX ADV VERB PUNCT	HAS ROL POS NOT EXS NIL	Mijn moeder kan niet komen .
PRON AUX DET NOUN DET VERB PUNCT	PRO PST DIS CON PRG EXS NIL	Hij was een deuntje aan~het fluiten .
DET NOUN AUX ADJ PUNCT	DEF CON NOW IST NIL	Het dak is lek .
DET NOUN VERB NUM NOUN ADP NOUN PUNCT	DEF CON EPS QUC UOM UOM UOM NIL	De trein ging 500 mijl per uur .
PRON VERB ADP DET ADJ NOUN PUNCT	PRO ENS REL DIS IST CON NIL	Hij woont in een enorm huis .
PRON AUX DET ADJ NOUN PUNCT	PRO ENS DIS GPO CON NIL	Het is een Cubaanse sigaar .
PRON AUX DET NOUN VERB PUNCT	PRO NOW DIS CON EXT NIL	Ik heb een paraplu gekocht .
PRON VERB PROPN DET VERB NOUN PUNCT	PRO EPS PER DIS IST CON NIL	Ik gaf Tom een kalmerend middel .
PRON DET ADJ NOUN PUNCT	EMP DIS IST CON EMP	Wat een goed schot !
PRON NOUN AUX ADJ PUNCT	HAS ROL NOW DEG NIL	Mijn vader is groot .
PRON AUX DET NOUN PUNCT	PRO ENS NOT ROL NIL	Ik ben geen heks .
AUX SCONJ PRON NOUN PUNCT	ENS DST HAS CON QUE	Is dat mijn mok ?
PROPN VERB DET NOUN PUNCT	PER ENS DIS CON NIL	Tom eet een banaan .
PROPN VERB ADP PROPN PUNCT	PER EPS REL PER NIL	Aurore~Paquiss trouwde met Chabrol .
PROPN AUX DET NOUN ADP DET NOUN PUNCT	PER EPS DEF ROL REL DEF ORG NIL	Henry~Ford was de oprichter van de Ford~Motor~Company .
PROPN VERB ADP PROPN PUNCT	PER ENS REL GPE NIL	David~Vance woont in South~Portland .
PROPN PROPN VERB ADP PROPN PUNCT	ROL PER EPS REL GPE NIL	Lady Diana stierf in Parijs .
DET PROPN AUX VERB ADP NOUN PUNCT	DEF GEO NOW EXS REL CON NIL	De Ebrodelta wordt gebruikt voor landbouw .
DET NOUN AUX PRON NOUN VERB PUNCT	AND CON NOW HAS CON EXT NIL	Elke jongen heeft zijn diploma gekregen .
DET NOUN VERB PRON ADV ADV PUNCT	DEF CON EPS NIL ALT NOT NIL	De telefoon deed het weer niet .
PRON VERB NOUN PUNCT	PRO EPS CON NIL	Hij speelde piano .
PRON VERB DET NOUN PUNCT	PRO ENS DIS CON NIL	Hij draagt een zonnebril .
PRON AUX ADJ ADP DET NOUN PUNCT	PRO PST IST REL DEF CON NIL	Ze was bang voor de hond .
ADV AUX VERB ADP NOUN PUNCT	PER NOW IST REL PER NIL	Lisa~Lillien is getrouwd met Dan~Schneider .
NUM NOUN VERB ADP DET NOUN PUNCT	QUC ROL EPS REL DEF CON NIL	Twee criminelen ontsnapten uit de gevangenis .
PRON AUX PRON VERB PUNCT	PRO PST PRG EXS NIL	Hij was aan~het huilen .
PRON VERB ADV ADV SCONJ PRON ADJ AUX PUNCT	PRO NOW IST NOT SUB PRO IST NOW NIL	Ze is er niet omdat ze ziek is .
DET NOUN AUX ADJ PUNCT	DEF CON NOW IST NIL	De grens is dicht .
PRON AUX VERB ADP DET ADJ NOUN PUNCT	PRO PST EXS REL DIS IST CON NIL	Hij werd gediskwalificeerd na een valse start .
PRON AUX ADV ADV DET NOUN VERB PUNCT	PRO NOW ALT NOT DIS CON EXT NIL	Ik heb nog nooit een giraf gezien .
PROPN AUX PRON NOUN PUNCT	PER NOW HAS ROL NIL	Tom is mijn neef .
PROPN AUX NUM ADJ NOUN VERB PUNCT	PER NOW QUC IST CON EXT NIL	Ole~Einar~Bjørndalen heeft 13 olympische medailles gewonnen .
DET NOUN AUX VERB PUNCT	AND CON NOW COL NIL	Een banaan is geel .
PROPN AUX NOUN PUNCT	PER ENS ROL NIL	Tom is vrachtwagenchauffeur .
PRON AUX NUM NOUN ADJ PUNCT	PRO NOW QUC UOM DEG NIL	Ik ben dertig jaar oud .
PRON AUX ADJ ADP NOUN PUNCT	PRO NOW IST REL CON NIL	Ik ben allergisch voor honden .
PROPN VERB ADP PROPN PUNCT	PER EPS REL GPE NIL	Maler woonde in Yucatán .
PROPN VERB NOUN ADP PROPN ADP ADP PROPN PUNCT	PER EPS CON REL ORG REL REL ORG NIL	Lopez nam documenten van GM mee naar VW .
PROPN VERB PROPN PUNCT	PER ENS CON NIL	Maria verstaat Chinees .
PRON AUX ADJ PUNCT	PRO NOW IST NIL	Je bent gek .
PRON VERB NUM NOUN PUNCT	PRO ENS QUC CON NIL	We hebben dertien knuppels .
PRON VERB PRON ADP NOUN PUNCT	PRO EPS PRO REL ROL NIL	We verkozen hem tot burgemeester .
PRON NOUN VERB ADP DET NOUN PUNCT	HAS ROL ENS REL DIS CON NIL	Mijn broer werkt bij een bank .
PRON VERB PRON ADP ADV NUM NOUN PUNCT	PRO EPS PRO REL APX QUC UOM NIL	Ik kocht het voor ongeveer twaalf dollar .
PRON VERB PRON NOUN PROPN PUNCT	PRO EPS HAS CON LIT NIL	Hij noemde zijn hond Popeye .
PRON AUX ADJ PUNCT	PRO NOW COL NIL	Ze zijn geel .
DET NOUN VERB DET NOUN PUNCT	DEF CON ENS DEF CON NIL	Het konijn eet de wortel .
PRON AUX DET NOUN VERB PUNCT	QUE NOW DEF ART EXT QUE	Wie heeft de bijbel geschreven ?
VERB PRON NOUN PUNCT	FUT PRO EXS NIL	Laten we feesten .
DET NOUN VERB DET NOUN PUNCT	DEF ROL EPS DEF ROL NIL	De politieman achtervolgde de inbreker .
PRON AUX DET NOUN ADP DET ADJ NOUN PUNCT	QUE ENS DEF ROL REL DEF GPO ORG QUE	Wie is de leider van de Algerijnse Gewapende~Islamitische~Groep ?
AUX PRON DET NOUN PUNCT	ENS PRO DIS CON QUE	Hebt u een schoentrekker ?
PRON AUX NUM NOUN ADV VERB PUNCT	PRO NOW QUC UOM PST EXT NIL	Hij is drie dagen geleden vertrokken .
PROPN AUX DET NOUN VERB ADP PROPN PUNCT	PER NOW DIS CON EXT REL PER NIL	Mary heeft een telegram ontvangen van Tom .
DET NOUN AUX PRON VERB ADP DET NOUN PUNCT	DIS CON NOW PRG EXS REL DEF CON NIL	Een vogel is aan~het zingen in de boom .
PROPN AUX VERB ADP PROPN PUNCT	PER PST EXS REL PER NIL	Sandra~Goudie werd verslagen door Max~Purnell .
PRON AUX DET ADJ ADJ NOUN PUNCT	PER ENS DIS INT IST CON NIL	Rosa~Montero is een heel bijzondere vrouw .
PRON AUX ADV DET NOUN ADP DET VERB PUNCT	PRO NOW NOW DEF CON REL PRG EXS NIL	Hij is nu de straat over aan~het steken .
DET NOUN VERB ADP DET NOUN PUNCT	DEF CON ENS REL DEF CON NIL	De wind waait uit het oosten .
PRON VERB DET ADJ PUNCT	QUE EPS DEF HAP QUE	Wie won de Ronde~van~Frankrijk ?
PRON AUX VERB ADP PROPN PUNCT	PRO NOW IST REL PER NIL	Ik ben getrouwd met Lori .
PRON NOUN AUX ADP PROPN VERB PUNCT	HAS ROL NOW REL GPE EXT NIL	Mijn vader is in Vietnam gestorven .
PRON NOUN AUX VERB ADP DET NOUN PUNCT	HAS CON NOW EXS REL DIS CON NIL	Mijn auto is uitgerust met een cd-speler .
PROPN AUX VERB ADP PROPN PUNCT	PER PST EXS REL GPE NIL	Minton werd geboren in Australië .
ADV VERB PRON PUNCT	NOW ENS NIL NIL	Nu sneeuwt het .
PRON VERB PRON PUNCT	PRO EPS PRO NIL	Hij knuffelde haar .
DET NOUN VERB ADP PUNCT	DEF CON ENS REL NIL	De wekker loopt af .
DET NOUN ADP DET NOUN AUX ADV ADP DET ADJ NOUN PUNCT	DEF CON REL DEF CON PST EXS REL DIS IST CON NIL	De top van de speer was gedrenkt in een dodelijk vergif .
PRON VERB DET NOUN PUNCT	PRO EPS DEF CON NIL	Ik kauwde de gom .
PRON AUX ADJ ADP PRON PUNCT	PRO NOW IST REL PRO NIL	Ik ben gek op jou .
VERB PRON VERB PUNCT	POS PRO EXS QUE	Kan je schaatsen ?
PRON NOUN AUX VERB PUNCT	HAS CON NOW COL NIL	Mijn stropdas is oranje .
DET NOUN VERB ADP DET NOUN PUNCT	DEF CON ENS REL DEF CON NIL	De kat zit onder de tafel .
NOUN VERB PROPN PUNCT	CON ENS GPE NIL	Overstromingen verwoesten Europa .
PROPN AUX DET NOUN VERB PUNCT	PER NOW DEF CON EXT NIL	Edison heeft de kinetoscoop uitgevonden .
NOUN VERB ADP NUM PUNCT	PER EPS REL YOC NIL	Swift stierf in 1745 .
ADV VERB DET NOUN ADP DET NOUN PUNCT	NIL ENS DIS CON REL DEF CON NIL	Er ligt een pen op het bureau .
DET NOUN AUX ADJ ADP ADJ NOUN PUNCT	PRX CON NOW IST REL DEG CON NIL	Deze muziek is populair bij jonge mensen .
PRON NOUN AUX PRON NOUN ADP SYM VERB PUNCT	HAS CON NOW HAS CON REL SCO EXT NIL	Onze ploeg heeft onze tegenstander met 5-4 verslagen .
PROPN AUX PRON NOUN PUNCT	CON ENS HAS CON NIL	Frans is zijn moedertaal .
PRON AUX ADV ADJ PUNCT	DST NOW NOT IST NIL	Dat is niet belangrijk .
AUX PRON NOUN ADJ PUNCT	NOW PRO CON EXS QUE	Heb je geld nodig ?
PROPN VERB DET NOUN PUNCT	PER EPS DEF ROL NIL	Daniël bedankte de politiemensen .
DET NOUN VERB ADV ADJ PUNCT	DEF CON PST NOT IST NIL	Het restaurant was niet vol .
PRON NOUN VERB VERB PUNCT	HAS ROL EPS IST NIL	Mijn vrouw keek verbaasd .
PRON AUX PRON NOUN VERB PUNCT	PRO NOW HAS CON EXT NIL	Ik heb mijn T-shirt gewassen .
PRON AUX PRON NOUN VERB PUNCT	PRO NOW HAS CON EXT NIL	Ze heeft haar handtas verloren .
PROPN VERB DET NOUN PUNCT	PER ENS DIS CON NIL	Nancy heeft een piano .
PROPN VERB ADJ PROPN PUNCT	PER ENS IST CON NIL	Tony spreekt goed Engels .
DET NOUN AUX NUM NOUN ADV VERB PUNCT	PRX CON PST QUC UOM PST EXS NIL	Deze brug werd twee jaar geleden gebouwd .
PRON NOUN AUX ADJ PUNCT	HAS CON NOW COL NIL	Mijn hond is wit .
PRON AUX PRON NOUN VERB PUNCT	PRO NOW HAS CON EXT NIL	Ik heb mijn eten uitgekotst .
PRON VERB ADP NOUN ADP NOUN PUNCT	PRO EFS REL CON REL CLO NIL	Hij vertrekt naar school om zeven~uur .
PRON AUX DET NOUN PUNCT	PRO ENS DIS CON NIL	Ik heb een visum .
PRON AUX ADP PRON NOUN VERB PUNCT	PRO NOW REL HAS ROL EXT NIL	Ik heb met mijn baas geslapen .
NUM CCONJ NUM AUX NUM PUNCT	QUC CON QUC EXS QUC NIL	Vijf plus drie is acht .
PRON VERB ADJ DET NOUN PUNCT	PRO ENS APX DEF CON NIL	Ik woon dichtbij de dijk .
PRON AUX ADV ADJ SCONJ PRON PUNCT	PRO NOW NOT MOR REL PRO NIL	Hij is niet langer dan ik .
DET NOUN VERB ADJ PUNCT	PRX CON ENS IST NIL	Dit medicijn smaakt bitter .
PRON AUX DET NOUN ADP PROPN PUNCT	QUE ENS DEF ROL REL GPE QUE	Wie is de president van Noord-Korea ?
ADV VERB PROPN PUNCT	QUE ENS GPE QUE	Waar is Chiapas ?
PRON AUX ADV ADV ADJ PUNCT	PRO PST EMP NOT IST NIL	Ik was helemaal niet bang .
PRON VERB DET NOUN PUNCT	PRO EPS DIS CON NIL	We keken een film .
PRON VERB NUM NOUN PUNCT	PRO EPS QUC CON NIL	Hij opende één oog .
PROPN AUX VERB ADP PROPN PUNCT	PER PST EXS REL GPE NIL	Leloir is geboren in Argentinië .
PROPN AUX VERB ADP PROPN PUNCT	PER PST EXS REL GPE NIL	El-Nashar werd gearresteerd in Egypte .
NOUN AUX DET NOUN ADP PROPN PUNCT	PER ENS DEF ROL REL PER NIL	Sylvia~Costas is de echtgenote van Andy~Sipowicz .
PROPN VERB NUM ADJ NOUN PUNCT	ORG EPS QUC GPO CON NIL	PM verwierf drie Russische fabrieken .
PRON VERB DET NOUN ADP PRON NOUN PUNCT	PRO EPS DEF CON REL HAS CON NIL	Hij raakte het water met zijn voet .
PRON AUX ADV ADV ADJ PUNCT	PRO NOW EMP NOT IST NIL	Ik ben helemaal niet moe .
PROPN NOUN DET NOUN PUNCT	PER ENS DEF CON NIL	Tom haat de regels .
PRON VERB DET NOUN ADP PROPN VERB PUNCT	PRO NOW DIS CON REL ORG EXT NIL	Ik heb een muis van Microsoft gekocht .
PRON AUX PRON NOUN PUNCT	QUE ENS HAS CON QUE	Wat is uw achternaam ?
PRON VERB DET NOUN PUNCT	PRO ENS NOT CON NIL	Ik spreek geen Iers .
DET NOUN VERB DET NOUN PUNCT	DEF CON EPS DEF CON NIL	De hond beet de man .
PROPN AUX DET NOUN VERB PUNCT	PER NOW DEF HAP EXT NIL	Tom heeft het Eurovisie~Songfestival gewonnen .
PRON AUX DET ADJ NOUN PUNCT	PRO ENS DIS IST ROL NIL	Je bent een uitstekende chef-kok .
PRON VERB DET DET NOUN PUNCT	PRO NOW EMP NOT IST NIL	Ik heb helemaal geen honger .
PRON VERB NOUN PUNCT	PRO EPS CON NIL	Ik speelde tennis .
PRON AUX ADP DET NOUN ADJ PUNCT	PRO PST REL DIS CON EXT NIL	Hij werd door een tijger verslonden .
DET NOUN VERB ADV PUNCT	DEF CON EPS ALT NIL	De telefoon ging opnieuw .
PRON VERB PRON NOUN ADP PUNCT	PRO EPS HAS CON REL NIL	Hij ging zijn kamer binnen .
PRON AUX ADP DET NOUN PUNCT	PRO EPS REL DEF CON NIL	Hij was in de winkel .
ADV AUX PRON DET NOUN VERB PUNCT	PST NOW PRO DIS CON EXT NIL	Gisteren heb ik een appel gegeten .
PRON AUX VERB ADP DET NOUN ADP PROPN PUNCT	PRO NOW IST REL DEF CON REL ORG NIL	Hij is verslaafd aan de koffie van Starbucks .
PRON VERB NOUN ADP DET NOUN PUNCT	PRO EPS CON REL DEF ORG NIL	Ze schonken geld aan het Rode~Kruis .
PRON VERB PRON PRON PUNCT	DST ENS PRO NOT NIL	Dat verbaast me niets .
ADP DET NOUN VERB DET NOUN PUNCT	REL QUE CON ENS DEF ART QUE	In welke stad is het Prado~Museum ?
DET ADJ NOUN AUX ADP DET NOUN VERB PUNCT	DEF DEG CON PST REL DIS CON EXS NIL	De oude man werd door een auto overreden .
PROPN AUX ADJ PUNCT	PER ENS ROL NIL	Mary is modeontwerpster .
PRON AUX ADJ PUNCT	PRO NOW IST EMP	Je bent dronken !
PRON VERB DET NOUN PUNCT	PRO EPS DEF CON NIL	Ze verbrandden het papier .
ADV VERB NUM PROPN PUNCT	PER EPS QUC CON NIL	Accardo componeerde 24 Caprices .
PROPN AUX VERB ADP PROPN PUNCT	PER PST IST REL PER NIL	Belknap was getrouwd met Carrie~Tomlinson .
PRON VERB DET NOUN ADP NUM NOUN PUNCT	PRO EPS DIS CON REL QUC UOM NIL	Ik kocht een fototoestel voor dertig dollar .
PROPN VERB ADJ NOUN ADP PROPN PUNCT	PER EPS IST CON REL GPE NIL	Yukichi~Fukuzawa introduceerde Westerse ideeën in Japan .
PRON VERB PUNCT	NIL ENS NIL	Het hagelt .
DET NOUN ADP DET NOUN AUX VERB PUNCT	DEF CON REL DEF CON PST IST NIL	De vleugel van de vogel was gebroken .
ADV VERB DET PROPN PUNCT	QUE ENS DEF GPE QUE	Waar liggen de Pribilof~eilanden ?
PROPN VERB PROPN PRON ADP PRON NOUN CCONJ PRON VERB PUNCT	PER EPS PER DIS REL HAS CON COO PRO EPS NIL	Tom fluisterde Maria iets in haar oor en ze glimlachte .
DET NOUN AUX ADJ PUNCT	DEF CON NOW IST NIL	Het meisje is eenzaam .
ADV VERB PROPN ADP DET NOUN PUNCT	QUE EPS PER REL DEF CON QUE	Waarom ging Jane naar het station ?
PROPN VERB DET NOUN PUNCT	PER EPS DIS CON NIL	Maria rookte een sigaar .
PRON NOUN AUX ADJ PUNCT	HAS CON NOW COL NIL	Mijn sweater is paars .
NOUN VERB PROPN PUNCT	ORG EPS ART NIL	FermiLab ontwikkelde Linux~LTS .
DET PROPN VERB NOUN ADP NUM PUNCT	DEF HAP EPS NIL REL YOC NIL	De Falklandoorlog vond plaats in 1982 .
PRON AUX PRON NOUN ADJ PUNCT	PRO NOW HAS CON EXS NIL	Ik heb zijn hulp nodig .
NOUN VERB DET NOUN ADP DET NOUN PUNCT	ROL EPS DEF ROL REL DEF ROL NIL	Extremisten ontvoerden de vrouw van de president .
PRON AUX PRON PRON ADV VERB PUNCT	PRO NOW PRO PRO QUV EXT NIL	Ik heb het je dikwijls gezegd .
PRON VERB SCONJ PRON NOUN AUX PUNCT	PRO ENS SUB PRO IST NOW NIL	Ik eet omdat ik honger heb .
DET NOUN PRON ADJ PUNCT	AND CON NOW COL NIL	Alle appels zijn rood .
PROPN VERB DET NOUN PUNCT	PER ENS DIS CON NIL	Tom heeft een auto .
AUX PRON ADV ADJ PUNCT	NOW DST NOT IST QUE	Is dat niet schattig ?
PRON AUX PROPN VERB PUNCT	PRO POS CON EXS NIL	Hij kan Frans spreken .
PRON NOUN AUX ADJ PUNCT	HAS ROL NOW IST NIL	Mijn oom is boos .
DET VERB AUX VERB PUNCT	DEF ROL NOW EXT EMP	De gevangene is ontsnapt !
PROPN AUX NUM NOUN ADJ PUNCT	PER NOW QUC UOM IST NIL	Maria is twee maanden zwanger .
DET NOUN PUNCT PROPN PUNCT AUX VERB ADP PROPN PUNCT	DEF CON NIL ART NIL PST EXS REL PER NIL	De film ' Speed ' werd geregisseerd door Jan~de~Bont .
DET PROPN VERB ADP NUM PUNCT	DEF ART EPS REL YOC NIL	De Titanic zonk in 1912 .
PROPN AUX ADJ ADP PRON PUNCT	PER NOW IST REL AND NIL	Judy is aardig tegen iedereen .
PRON AUX ADJ ADP NOUN PUNCT	PRO NOW IST REL CON NIL	Hij is allergisch voor stof .
PROPN VERB ADP ADV NOUN CCONJ NUM NOUN PUNCT	GPE ENS REL QUV CON GRP QUC CON NIL	Indonesië bestaat uit vele eilanden en twee schiereilanden .
PROPN VERB ADP ADP PRON ADJ NOUN PUNCT	PER EPS REL REL HAS IST CON NIL	Tom schepte op over zijn nieuwe telefoon .
PRON NOUN VERB SCONJ PRON ADV PRON NOUN ADJ PUNCT	HAS CON ENS IMP PRO ALT HAS CON ENS NIL	Mijn tandvlees bloedt wanneer ik ook mijn tanden flos .
PRON VERB DET NOUN ADP PROPN PUNCT	PRO ENS AND CON REL GPE NIL	Ik rijd iedere dag naar Tokio .
PRON AUX ADJ ADP NOUN PUNCT	PRO NOW IST REL CON NIL	Ik ben allergisch voor katten .
DET NOUN PROPN VERB ADP PROPN PUNCT	DEF CON ORG ENS REL GPE NIL	De rockgroep Spock's~Beard komt uit Japan .
DET NOUN PUNCT PROPN PUNCT AUX VERB ADP PROPN PUNCT	DEF CON NIL ART NIL PST EXS REL PER NIL	De film ' Speed ' werd geregisseerd door Jan~de~Bont .
PROPN AUX ADJ NOUN VERB PUNCT	GPE PST QUV CON EXT NIL	Londen werd verscheidene keren gebombardeerd .
DET NOUN VERB NOUN ADP PUNCT	AND CON EXS CON REL NIL	Een spons neemt water op .
PRON AUX ADJ ADP DET NOUN PUNCT	PRO PST IST REL DEF CON NIL	Ik was gewend aan de hitte .
PRON VERB ADP NUM ADP NUM PUNCT	PRO ENS REL CLO REL CLO NIL	We werken van negen tot vijf .
PRON VERB DET NOUN ADP DET NOUN PROPN PUNCT	PRO ENS DIS ROL REL DEF CON LIT NIL	Hij heeft een zoon met de naam Johano .
DET NOUN AUX ADV ADJ PUNCT	DEF CON NOW NOT IST NIL	Het water is niet drinkbaar .
PRON AUX ADJ SCONJ PRON NOUN PUNCT	PRO NOW MOR REL HAS ROL NIL	Ze is langer dan haar zus .
PRON VERB PRON NOUN PUNCT	PRO ENS HAS CON NIL	Ik strijk mijn zakdoeken .
PRON NOUN AUX ADJ PUNCT	HAS CON NOW COL NIL	Zijn tanden zijn geel .
PRON NOUN AUX NUM NOUN ADJ PUNCT	HAS CON NOW QUC UOM DEG NIL	Haar auto is twee jaar oud .
PRON AUX VERB PUNCT	PRO NOW EXT NIL	We hebben verloren .
PRON AUX ADJ PUNCT	PRO NOW IST NIL	We zijn gelukkig .
PRON AUX ADV NUM NOUN PUNCT	PRO ENS MOR QUC CON NIL	Hij heeft meer~dan vijf woordenboeken .
PRON AUX ADJ PUNCT	NOT NOW IST NIL	Niemand is perfect .
PRON VERB PRON ADP PUNCT	AND EPS PRO REL NIL	Iedereen lachte hem uit .
DET NOUN AUX NUM NOUN VERB PUNCT	DEF CON NOW QUC CON EXT NIL	De kip heeft vier eieren gelegd .
PRON VERB PROPN PUNCT PROPN CCONJ PROPN PUNCT	PRO ENS CON REL CON GRP CON NIL	Ik spreek Engels , Frans en Spaans .
PRON VERB ADP NOUN PUNCT	NOT ENS REL CON NIL	Niemand houdt van oorlog .
PRON AUX ADV ADV VERB PUNCT	PRO NOW NOW NOT IST NIL	Ik ben nu niet gewapend .
DET NOUN AUX PRON PUNCT	HAS CON ENS PRX QUE	Wiens boek is dit ?
PRON VERB DET NOUN PUNCT	PRO ENS DIS CON NIL	Ik heb een auto .
PRON VERB NOUN PUNCT	PRO ENS CON NIL	Hij schrijft boeken .
PRON AUX ADJ PUNCT	DST NOW IST NIL	Dat is interessant .
PROPN VERB DET NOUN PUNCT	PER ENS NOT CON NIL	Tom heeft geen ervaring .
PRON VERB PRON PUNCT	PRO ENS PRO NIL	Jij begrijpt me .
DET NOUN AUX PRON NOUN VERB PUNCT	DIS CON NOW HAS CON EXT NIL	Een alligator heeft zijn arm afgerukt .
ADV VERB PROPN PUNCT	QUE ENS GPE QUE	Waar ligt Euskirchen ?
PRON AUX NUM NOUN PUNCT	PRO ENS QUC UOM NIL	Ik ben 18 jaar .
PRON VERB PUNCT	AND EPS NIL	Iedereen glimlachte .
PROPN AUX DET NOUN ADP NOUN PRON VERB PUNCT	PER NOW DIS CON REL CON PRG EXS NIL	Tom is een fles met water aan~het vullen .
VERB VERB NUM NOUN PUNCT	ORG ENS QUC UOM NIL	General~Dynamics verliest 374~miljoen dollar .
PRON AUX ADJ ADP NOUN PUNCT	PRO NOW IST REL CON NIL	Ik ben allergisch voor vis .
PRON VERB PUNCT	AND EPS NIL	Iedereen lachte .
PRON AUX NUM VERB PUNCT	PRO NOW PRG EXS NIL	Ik ben aan~het koken .
PRON AUX ADV NUM NOUN PUNCT	PRO ENS BOT QUC CON NIL	Ik heb tenminste tien boeken .
PRON AUX ADJ ADP NOUN PUNCT	PRO PST IST REL CON NIL	Ik was gek op taart .
PRON VERB PRON DET NOUN PUNCT	PRO EPS PRO DIS CON NIL	Hij gaf hem een boek .
PRON VERB ADP DET NOUN PUNCT	PRO EPS REL DEF CON NIL	Ik ging naar het station .
PRON VERB NOUN PUNCT	PRO ENS ROL NIL	Ze is lerares .
PRON VERB DET NOUN PUNCT	PRO EPS DIS CON NIL	Ze rookte een sigaret .
PRON VERB PRON NOUN ADV PUNCT	PRO ENS HAS CON NOT NIL	Hij vertaalt mijn zinnen nooit .
ADJ NOUN AUX VERB ADP PROPN PUNCT	GPO CON NOW EXS REL GPE NIL	Europese auto's worden verkocht in Rusland .
PROPN ADP NOUN VERB DET NOUN ADP DET NOUN PUNCT	CON REL CON ENS DIS CON REL DEF CON NIL	Afvalwater uit mijnen vormt een gevaar voor het milieu .
PROPN VERB DET NOUN ADP PUNCT	PER ENS DIS CON REL NIL	Tom houdt een dagboek bij .
DET NOUN VERB PUNCT	DEF CON ENS NIL	De sokken stinken .
PRON AUX ADJ ADJ ADP NOUN PUNCT	PRO NOW INT IST REL CON NIL	Ze is best slecht in tennis .
PRON AUX VERB ADP PROPN PUNCT	PRO NOW EXT REL GPE NIL	Ik ben teruggegaan naar Japan .
ADV VERB DET NOUN PROPN ADP PUNCT	QUE ENS DEF CON LIT REL QUE	Waar staat de afkorting IRA voor ?
PRON NOUN AUX ADJ PUNCT	HAS CON NOW COL NIL	Zijn sokken zijn paars .
PROPN VERB PROPN PUNCT	ORG EPS ORG NIL	GUS verkocht Wehkamp .
PRON VERB ADV ADP PUNCT	PRO ENS NOT REL NIL	Het maakt niet uit .
PRON NOUN VERB ADP NOUN PUNCT	HAS CON EFS REL CLO NIL	Onze trein vertrekt om half~negen .
PRON AUX ADP PROPN VERB PUNCT	PRO NOW REL GPE EXT NIL	Ik ben naar Nagasaki gegaan .
DET NOUN AUX ADJ ADJ PUNCT	DST CON NOW INT IST NIL	Die jongen is erg slim .
ADP DET NOUN VERB NOUN PUNCT	REL QUE CON EPS PER QUE	Bij welke groep hoorde John~Lennon ?
PRON AUX PRON NOUN NOUN ADP PUNCT	PRO EPS HAS CON IST REL NIL	Hij had zijn sokken binnenstebuiten aan .
ADV AUX ADV VERB PUNCT	PER PST ALT EXS NIL	Dan werd ook gearresteerd .
PROPN VERB DET ADJ NOUN PUNCT	PER ENS DIS DEG CON NIL	Tom heeft een enorme lul .
PRON AUX ADJ ADP DET NOUN PUNCT	PRO NOW IST REL DEF CON NIL	Ik ben bang voor de dood .
PRON VERB SCONJ PRON ADJ AUX PUNCT	PRO EPS SUB PRO IST PST NIL	Ze zei dat ze gelukkig was .
PRON VERB ADP DET NOUN PUNCT	PRO EPS REL DEF CON NIL	Hij sliep in het bed .
PROPN AUX VERB ADP PROPN PUNCT	PER PST EXS REL GPE NIL	André~Henri~Constant~van~Hasselt werd opgeleid in Maastricht .
ADJ VERB DET NOUN ADP PROPN PUNCT	PER EPS DIS CON REL GPE NIL	Hooper kocht een huis in Portland .
DET PROPN NOUN VERB ADP ADP DET PROPN PUNCT	DEF GEO CON ENS REL REL DEF GEO NIL	De Mississippi rivier mondt uit in de Golf~van~Mexico .
PRON VERB ADP PROPN ADP PROPN PUNCT	NIL EPS REL DOW REL DOW NIL	Het sneeuwde van maandag tot vrijdag .
PRON AUX ADJ ADV ADJ PUNCT	PRO PST EMP NOT IST NIL	Hij was totaal niet tevreden .
ADV VERB NUM NOUN ADP PROPN PUNCT	NIL ENS QUC CON REL GPE NIL	Er zijn 43 prefecturen in Japan .
PRON AUX DET NOUN VERB PUNCT	PRO FUT DEF CON EXS NIL	Ik zal de appel eten .
PRON VERB DET NOUN ADP DET NOUN PUNCT	PRO EPS DIS CON REL DEF CON NIL	Ze speelde een wals op de piano .
DET ADJ AUX AUX VERB PUNCT	DEF CON NEC NOW EXS NIL	Het hemd moet worden gestreken .
PROPN VERB PROPN PUNCT	PER ENS CON NIL	Emily eet chips .
PROPN VERB PUNCT	PER EPS NIL	Tom mopperde .
ADV VERB NOUN ADP DET NOUN PUNCT	NIL ENS CON REL DEF CON NIL	Er zijn eilanden in de zee .
PROPN NOUN PUNCT	ENS CON QUE	Dromen katten ?
ADV AUX PROPN ADJ ADP PUNCT	QUE NOW PER IST REL QUE	Waar is Tom bang voor ?
PRON AUX PROPN VERB PUNCT	QUE NOW ART EXT QUE	Wie heeft Hamlet geschreven ?
PRON AUX PROPN PUNCT SCONJ PRON ADJ AUX PUNCT	PRO ENS PER NIL SUB PRO IST NOW NIL	Ik mag Tom , omdat hij eerlijk is .
PRON NOUN AUX ADJ PUNCT	DST CON NOW COL NIL	Die kat is bruin .
PROPN VERB ADP DET ADJ NOUN PUNCT	PER EPS REL DEF COL CON NIL	Agnès keek naar de bruine boten .
PRON VERB DET PROPN PUNCT	PRO ENS NOT CON NIL	Jullie spreken geen Engels .
ADP DET NOUN VERB DET NOUN PROPN PUNCT	REL QUE CON ENS DEF ROL PER QUE	Uit welk land komt de makelaar Schneider ?
PRON VERB DET NOUN ADP NUM NOUN PUNCT	PRO ENS DEF CON REL QUC UOM NIL	We schatten de schade op duizend dollar .
PROPN AUX ADJ ADJ NOUN PUNCT	PRO ENS INT IST CON NIL	Jullie zijn heel schattige jongens .
PRON VERB DET NOUN ADP PROPN PROPN PUNCT	PRO NOW DIS CON REL PER EXT NIL	Ik heb een kaart naar Tom gefaxt .
PRON AUX NUM NOUN VERB PUNCT	PRO NOW QUC CON EXT NIL	Ik heb twee hamburgers besteld .
VERB PRON ADP VERB VERB PUNCT	ENS PRO REL IST CON QUE	Hou je van heet eten ?
PRON VERB DET NOUN ADP DET NOUN	PRO EPS DIS CON REL DEF CON	Ik zag een nijlpaard in de zoo
PRON AUX ADJ ADJ SCONJ PRON DET ADJ NOUN VERB PUNCT	PRO PST INT IST REL PRO PRX DEG CON EPS NIL	Hij was erg bang toen hij deze grote slang zag .
PRON AUX ADJ PUNCT	PRO NOW IST NIL	Ze is zwanger .
DET NOUN VERB ADP PRON NOUN PUNCT	DEF CON EPS REL HAS CON NIL	Het eekhoorntje at uit haar hand .
PRON AUX DET NOUN ADP NUM NOUN VERB PUNCT	PRO NOW DEF CON REL QUC UOM EXT NIL	We hebben de schade op duizend dollar geschat .
PRON VERB DET NOUN PUNCT	PRO EPS DIS ROL NIL	Zij huurde een privé-detective .
PROPN PROPN AUX NOUN ADP PUNCT	PER ENS HAS CON REL NIL	Tom vouwt zijn kleren op .
PRON AUX NUM NOUN PUNCT	PRO ENS QUC UOM NIL	Ik ben 19 jaar .
PROPN AUX VERB ADP PROPN PUNCT	PER PST IST REL PER NIL	Hughes was getrouwd met Gracia .
PROPN VERB DET NOUN ADP PUNCT	PER EPS DEF CON REL NIL	Mayuko kwam de kamer binnen .
PRON AUX PRON SCONJ PRON ADJ AUX PUNCT	PRO ENS PRO SUB PRO IST NOW NIL	Ik mag hem omdat hij eerlijk is .
DET NOUN VERB NUM NOUN PUNCT	DEF CON ENS QUC UOM NIL	De thee kost twee euro .
ADJ NOUN ADP DET NOUN AUX VERB PUNCT	IST CON REL DEF CON NOW IST NIL	Grote delen van de oceaan zijn vervuild .
DET NOUN VERB ADP ADJ NOUN PUNCT	DEF ROL EPS REL GPO CON NIL	De kunstenaar tekende met Chinese inkt .
PRON NOUN VERB ADP DET NOUN PUNCT	HAS CON ENS REL DIS CON NIL	Mijn huis staat op een heuvel .
PRON AUX ADJ CCONJ NOUN PUNCT	PRO NOW DEG AND IST NIL	Hij is groot en slank .
PRON VERB ADP NOUN ADP PROPN PUNCT	PRO ENS REL CON REL PER NIL	Ik ga naar school met Tom .
PRON NOUN AUX DET NOUN ADJ PUNCT	HAS ROL NOW DIS QUV IST NIL	Mijn vader is een beetje ouderwets .
PRON AUX VERB PUNCT	PRO NOW IST NIL	Hij is verslaafd .
PROPN AUX VERB ADP NOUN PUNCT	PER PST EXS REL PER NIL	Ibrahim~Sofu werd vermoord door Metin~Kaplan .
PRON AUX ADV DET NOUN DET VERB PUNCT	PRO NOW NOW DIS CON PRG EXS NIL	Ze is nu een brief aan~het schrijven .
PRON VERB ADP NUM PROPN PUNCT	PRO EFS REL DOM MOY NIL	Ik kom op 23 mei .
PROPN VERB PRON ADP DET NOUN PUNCT	PER EPS PRO REL DEF CON NIL	Tom stompte hem in het gezicht .
PROPN VERB DET NOUN ADP PRON NOUN PUNCT	PER EPS DIS CON REL HAS CON NIL	John haalde een sleutel uit zijn zak .
PRON NOUN AUX ADV ADV VERB PUNCT	HAS CON NOW ALT ALT IST NIL	Mijn been is nog steeds verdoofd .
PRON AUX PRON ADJ VERB PUNCT	PRO POS DIS ALT EXS NIL	Ze mogen iets anders aanbieden .
DET NOUN VERB ADP PRON NOUN PUNCT	DEF CON ENS REL HAS ROL NIL	De jongen spreekt met zijn grootvader .
PRON NOUN AUX ADP PRON PUNCT	DST CON ENS REL PRO NIL	Die cd is van haar .
PROPN AUX ADJ ADP DET SYM PUNCT	PER NOW EXS REL DEF ORG NIL	Allan~Chapman is werkzaam bij de River~Forecast~Centre .
PRON NOUN AUX ADJ ADP PRON NOUN PUNCT	HAS ROL PST IST REL HAS CON NIL	Mijn tante was blij met mijn succes .
PRON AUX ADV NUM NOUN AUX PUNCT	PRO FUT MOR QUC UOM EXS NIL	Het zal meer~dan 10.000 yen zijn .
PRON AUX ADJ PUNCT	PRO NOW IST NIL	Ik ben linkshandig .
PRON NOUN AUX ADJ PUNCT	HAS CON NOW COL NIL	Zijn fiets is blauw .
DET NOUN VERB ADP DET NOUN PUNCT	DEF CON ENS REL DEF CON NIL	De haas bloedt aan het oor .
DET NOUN VERB ADP DET NOUN PUNCT	DEF CON ENS REL DEF CON NIL	De kat zit onder de tafel .
PRON AUX ADJ ADP NOUN PUNCT	PRO NOW IST REL CON NIL	Hij is allergisch aan pollen .
PRON VERB NUM NOUN CCONJ NUM NOUN VERB PUNCT	PRO NOW QUC CON GRP QUC CON EXT NIL	Ik heb twee thees en drie koffies besteld .
DET NOUN VERB DET NOUN ADP ADP DET NOUN PUNCT	DEF CON EPS DIS CON REL REL DIS CON NIL	De man stak een sigaret op met een aansteker .
NOUN VERB PRON PUNCT	CON ENS PRO NIL	School verveelt me .
NOUN AUX DET NOUN ADP NOUN PUNCT	PER ENS DEF ROL REL CON NIL	Alfred~Nobel is de uitvinder van dynamiet .
DET NOUN AUX VERB ADP PRON NOUN PUNCT	DEF CON FUT EXS REL HAS CON NIL	Het ijs zal breken onder je gewicht .
PRON VERB DET NOUN ADP PUNCT	PRO EPS DEF CON REL NIL	Hij zwom de rivier over .
PRON VERB ADP DET NOUN PUNCT	PRO ENS REL DST CON NIL	Zij houdt van die basstem .
SYM PUNCT PRON AUX ADJ PUNCT	ITJ NIL PRO PST IST NIL	Oh , ik was ziek .
PROPN AUX PROPN PUNCT	PER NOW GPO NIL	Evangeline~Lilly is Canadees .
PRON AUX ADJ SCONJ PRON PUNCT	PRO NOW MOR REL PRO NIL	Hij is groter dan ik .
PRON AUX DET NOUN VERB PUNCT	PRO NOW DEF CON EXT NIL	Ik heb de appel opgegeten .
PRON AUX ADJ PUNCT	PRO NOW IST NIL	Ik ben linkshandig .
ADP DET NOUN AUX PROPN VERB PUNCT	REL QUE CON PST PER EXS QUE	In welke stad is Jorge~Machado geboren ?
PRON VERB DET VERB PUNCT	PRO EPS DIS ROL NIL	Zij ondervroeg een verdachte .
PROPN VERB ADP NOUN PUNCT	PER ENS REL CON NIL	Melanie houdt van muziek .
AUX PRON ADJ SCONJ PROPN VERB ADP DET ADJ NOUN PUNCT	NOW NIL IST SUB PER ENS REL DIS GPO CON QUE	Is het waar dat Tom uitgaat met een Japans meisje ?
PRON NOUN AUX ADJ PUNCT	HAS CON NOW COL NIL	Haar sweater is paars .
PRON AUX PROPN PUNCT	PRO NOW CLO NIL	Het is tien~minuten~voor~elf .
PRON AUX NOUN PUNCT	PRO NOW CLO NIL	Het is 8:30 .
DET NOUN VERB PUNCT	DEF CON EPS NIL	De kat miauwde .
DET PROPN AUX NUM NOUN ADJ PUNCT	DEF GEO NOW QUC UOM DEG NIL	De Kanchenjunga is 8.586 meter hoog .
PROPN AUX ADP PRON VERB ADP NOUN PUNCT	PER NOW REL PRO EXT REL CON NIL	Ken heeft tegen mij gewonnen met schaken .
PRON VERB PRON ADJ PUNCT	PRO ENS DIS IST NIL	Ik wil iets zoets .
PROPN VERB PRON ADP DET NOUN PUNCT	PER EPS PRO REL DEF CON NIL	Jim begeleidde haar op de piano .
PRON VERB PRON PUNCT	PRO ENS PRO NIL	Ik ken hem .
PRON VERB PROPN PUNCT	PRO ENS CON NIL	Ik leer Tsjechisch .
PRON AUX VERB ADP DET ADJ PUNCT	PRO NOW EXT REL DEF CON NIL	Hij heeft geklaagd over het lawaai .
PRON VERB DET ADJ PUNCT	PRO EFS DIS IST NIL	Ik koop een nieuwe .
DET NOUN VERB ADV NUM NOUN PUNCT	DEF CON EPS APX QUC UOM NIL	De oorlog duurde ongeveer twee jaar .
PRON AUX PRON NUM NOUN ADV VERB PUNCT	PRO NOW PRO QUC UOM PST EXT NIL	Ik heb je drie uur geleden gebeld .
PRON VERB PRON NOUN PUNCT	PRO EPS HAS CON NIL	Ze schudde mijn hand .
PRON NOUN AUX NUM NOUN ADJ SCONJ PRON PUNCT CCONJ PRON AUX NUM NOUN ADJ PUNCT	HAS ROL NOW QUC UOM MOR REL PRO NIL BUT PRO NOW QUC UOM MOR NIL	Mijn broer is twee jaar ouder dan ik , maar hij is drie centimeter kleiner .
PRON AUX DET ADJ NOUN PUNCT	QUE ENS DEF GPO ROL QUE	Wie is de Hongaarse premier ?
PRON VERB DET VERB NOUN PUNCT	PRO EPS DIS QUC CON NIL	Hij kocht een dozijn eieren .
PRON AUX DET NOUN VERB PUNCT	PRO NOW DIS CON EXT NIL	Ik heb een brief geschreven .
DET NOUN VERB ADP NUM PUNCT	DEF HAP EPS REL YOC NIL	De Amerikaanse~Burgeroorlog begon in 1861 .
PROPN VERB ADP NUM PUNCT	PER EPS REL YOC NIL	Charles~de~Gaulle overleed in 1970 .
PRON VERB PUNCT	NIL ENS NIL	Het sneeuwt .
PRON AUX ADV ADJ SCONJ PRON PUNCT	PRO NOW QUV MOR REL PRO NIL	Zij is veel groter dan ik .
PRON VERB ADP ADP DET NOUN PUNCT	PRO EPS REL REL DST CON NIL	Ik groeide op in dat huis .
DET NOUN AUX PROPN PUNCT PROPN CCONJ PROPN VERB PUNCT	QUE CON NOW PER REL PER GRP PER EXT QUE	Welke prijs hebben Weinberg , Salam en Glashow gewonnen ?
PRON VERB DET NOUN VERB PUNCT	PRO FUT DEF CON EXS EMP	Ik ga de politie bellen !
PROPN VERB DET NOUN PUNCT	PER EPS DEF CON NIL	Maria zoutte het vlees .
DET NOUN AUX ADJ ADJ PUNCT	DEF CON PST INT IST NIL	De zee was erg glad .
ADV VERB PRON ADJ PUNCT	POS NOW PRO EXT NIL	Misschien heb ik overdreven .
DET ADP VERB PUNCT	AND CON EXS NIL	Een bij zoemt .
PROPN AUX VERB ADP NOUN PUNCT	PER PST EXS REL CON NIL	O.J.~Simpson werd beschuldigd van moord .
PRON VERB DET NOUN PUNCT	PRO EPS DEF CON NIL	Hij berekende de kosten .
AUX PRON VERB PUNCT	NOW PRO IST QUE	Bent u getrouwd ?
PROPN AUX DET NOUN PUNCT	PER ENS DIS ROL NIL	Betty is een seriemoordenares .
PRON ADJ VERB ADP PRON ADJ PUNCT	HAS CON ENS REL HAS CON NIL	Je O's lijken op je A's .
PROPN AUX DET NOUN VERB PUNCT	PER NOW DEF CON EXT NIL	Tom is de ketchup vergeten .
PRON VERB PRON PUNCT	PRO EPS NOT NIL	Ze zei niets .
PRON AUX DET NOUN VERB PUNCT	PRO NOW DIS CON EXT NIL	Ik heb een beslissing getroffen .
PROPN VERB DET NOUN PUNCT	PER ENS DIS CON NIL	Millie eet een banaan .
PROPN VERB DET NOUN PUNCT	PER EPS DIS CON NIL	Tom scoorde een doelpunt .
PRON AUX PRON VERB PUNCT	PRO PST PRG EXS NIL	Ik was aan~het slapen .
PROPN VERB ADP NUM PUNCT	PER EPS REL YOC NIL	Charles~de~Gaulle overleed in 1970 .
DET NOUN AUX PUNCT PROPN PUNCT PUNCT	DEF CON ENS NIL LIT NIL NIL	"Het wachtwoord is "" Muiriël "" ."
DET NOUN VERB NUM NOUN PUNCT	DEF CON EPS QUC UOM NIL	De rekening bedroeg 100 dollar .
PRON VERB ADV NUM NOUN PUNCT	PRO EPS LES QUC UOM NIL	Het kostte minder~dan vijftig dollar .
PRON VERB ADP DET NOUN ADP DET NOUN PUNCT	PRO EPS REL DEF CON REL DIS CON NIL	We stonden aan de rand van een klif .
PRON DET PRON PRON VERB VERB PRON PUNCT	AND CON AND PRO EPS EPS PRO NIL	Ieder een die hem kende bewonderde hem .
PRON VERB DET NOUN ADP DET NOUN PUNCT	PRO EPS DIS CON REL DIS CON NIL	Ik ontmoette een wolf in een droom .
PROPN VERB DET NOUN PUNCT	PER ENS NOT CON NIL	Tom heeft geen kredietkaart .
DET NOUN AUX ADJ PUNCT	DST CON NOW IST NIL	Die kerel is dubbelhartig .
ADP DET ADJ NOUN VERB DET NOUN PUNCT	REL QUE GPO CON ENS DEF ART QUE	In welke Londense wijk staat het British~Museum ?
PRON AUX ADJ SCONJ PRON PUNCT	PRO NOW MOR REL PRO NIL	U bent langer dan ik .
PRON AUX ADJ ADP PROPN PROPN NOUN PUNCT	PRO NOW IST REL PER HAS ROL NIL	Ik ben verliefd op Tom s vrouw .
PRON AUX ADJ NOUN ADP PROPN AUX PUNCT	PRO NOW QUV CON REL GPE EXT NIL	Ik ben verschillende keren in Italië geweest .
ADV VERB DET NOUN PUNCT	QUE ENS DEF CON QUE	Waar is de bushalte ?
ADV VERB NUM NOUN PUNCT SCONJ PRON PUNCT	NIL ENS QUC CON NIL REL PRO NIL	Er zijn zes mensen , inclusief hem .
DET NOUN AUX PRON PUNCT	HAS CON ENS PRX QUE	Wiens gitaar is dit ?
PROPN AUX ADV ADV ADJ SCONJ PROPN PUNCT	GPE NOW NOT EQU IST REL GPE NIL	België is niet zo groot als Frankrijk .
PRON VERB PRON PUNCT	PRO ENS PRO NIL	Ik begrijp het .
ADP DET NOUN VERB NOUN PUNCT	REL QUE CON ENS PER QUE	Voor welk bedrijf werkt Sid~Gregory ?
NUM NOUN NUM AUX NUM PUNCT	QUC CON QUC EXS QUC NIL	Twee maal zeven is veertien .
PRON VERB ADP PRON ADP DET ADJ NOUN PUNCT	PRO EPS REL PRO REL DEF ORD CON NIL	Ik streed met hem om de eerste prijs .
PRON VERB PRON NUM NOUN PUNCT	PRO EPS PRO QUC UOM NIL	Ik betaalde hem vijf dollar .
PRON VERB PRON NOUN ADP DET NOUN PUNCT	PRO EPS HAS CON REL DEF CON NIL	Ze drukte haar neus tegen de ruit .
DET NOUN VERB NOUN PUNCT	DEF ROL EPS REL NIL	De dief rende weg .
PRON VERB PRON PUNCT	PRO ENS NOT NIL	Ik doe niets .
DET NOUN VERB DET NOUN ADP PUNCT	DEF CON EPS DEF CON REL NIL	De wolf ging het kippenhok in .
PRON NOUN VERB ADP DET NOUN ADP PROPN PUNCT	HAS ROL ENS REL DEF CON REL GPE NIL	Mijn oom leeft in het oosten van Spanje .
NOUN VERB ADP DET ADJ NOUN PUNCT	PER ENS REL DEF GPO ORG NIL	David~Cameron behoort tot de Britse Conservatieve~Partij .
PRON AUX PRON DET PROPN VERB PUNCT	PRO NOW PRO DIS CON EXT NIL	Ik heb hem een Cd geleend .
PRON AUX ADP DET NOUN PUNCT	PRO EPS REL DEF CON NIL	Hij was in de rij .
PRON AUX NUM NOUN ADJ PUNCT	PRO NOW QUC UOM IST NIL	Ze is acht maanden zwanger .
DET NOUN VERB NUM NOUN PUNCT	DEF CON ENS QUC UOM NIL	De sigaren kosten twee mark .
PRON VERB ADJ ADP PROPN PUNCT	PRO ENS NOW REL GPE NIL	Ik woon momenteel in Kunming .
PRON AUX ADV ADV ADJ PUNCT	PRO NOW EMP NOT IST NIL	Ik ben helemaal niet bang .
PRON AUX ADV ADJ PUNCT	PRO NOW NOT IST NIL	Dit is niet normaal .
PRON VERB PRON ADP DET NOUN PUNCT	PRO EPS PRO REL DEF CON NIL	Zij sloeg hem in het gezicht .
DET NOUN AUX ADJ PUNCT	DEF CON NOW IST NIL	De taart is heerlijk .
DET PROPN AUX VERB ADP PROPN PUNCT	DEF ART PST EXS REL PER NIL	De Mona~Lisa is geschilderd door Leonardo~da~Vinci .
DET NOUN VERB ADP NOUN ADP PROPN PUNCT	DEF CON ENS REL CON REL GPE NIL	Het eiland ligt ten westen van Japan .
DET NOUN AUX ADV ADJ DET NOUN PUNCT	DEF CON ENS NOT APX DEF CON NIL	De stoel is niet dichtbij het raam .
PRON AUX ADJ PUNCT	PRO NOW IST NIL	Ik ben rechtshandig .
DET NOUN AUX ADV ADJ PUNCT	DEF CON PST NOT IST NIL	De deur was niet dicht .
DET NOUN AUX ADJ ADV ADJ PUNCT	DST ROL NOW EMP NOT IST NIL	Die politicus is totaal niet eerlijk .
PRON AUX ADJ CCONJ NOUN PUNCT	PRO NOW DEG AND IST NIL	Hij is jong en vrijgezel .
PROPN VERB ADP DET NOUN PUNCT	PER EPS REL DEF CON NIL	Tom keek naar de maan .
PRON VERB ADP PROPN ADP PROPN PUNCT	PRO EPS REL GPE REL GPE NIL	Hij vloog van London naar Parijs .
PRON AUX DET NOUN VERB PUNCT	PRO NOW DIS CON EXT NIL	Hij heeft een bier besteld .
PROPN AUX PRON VERB PUNCT	PER NOW PRO EXT NIL	Betty heeft hem gedood .
PRON VERB ADV PROPN PUNCT	PRO ENS NOW GPE NIL	Ze bezoekt nu Parijs .
PRON AUX ADJ ADP DET NOUN PUNCT	PRO NOW IST REL DEF CON NIL	Hij is bang voor de honden .
PRON AUX NOUN ADP PROPN PUNCT	QUE ENS ROL REL ORG QUE	Wie is bestuursvoorzitter van Fiat ?
NUM NOUN VERB ADJ PUNCT	QUE CON ENS PER QUE	Hoeveel kinderen heeft Anthony~Quinn ?
PROPN AUX ADJ ADP NOUN PUNCT	PER NOW IST REL CON NIL	Tom is allergisch voor pinda's .
PROPN VERB NOUN PUNCT	PER ENS CON NIL	Melanie drinkt melk .
DET NOUN VERB ADP ADP DET NOUN PUNCT	DEF CON ENS REL REL DEF GEO NIL	De rivier stroomt uit in de Pacifische~oceaan .
DET NOUN ADP DET PROPN AUX VERB ADP NOUN PUNCT	DEF CON REL DEF GEO PST EXS REL CON NIL	De top van de Fuji was bedekt met sneeuw .
PRON AUX DET NOUN ADP DET NOUN VERB PUNCT	PRO NOW DEF CON REL DEF ROL EXT NIL	Ik heb de boeken aan deze student gegeven .
ADV VERB NOUN ADP DET NOUN PUNCT	NIL ENS CON REL DEF CON NIL	Er is melk in de koelkast .
PRON NOUN VERB DET PROPN PUNCT	HAS ROL ENS NOT CON NIL	Mijn ouders spreken geen Nederlands .
PROPN VERB NUM NOUN ADV PUNCT	PER EPS QUC UOM PST NIL	Marilyn~Monroe overleed 33 jaar geleden .
NUM NOUN VERB PRON PUNCT	QUE CON ENS PRO QUE	Hoeveel bloemen koop je ?
PRON VERB ADP NOUN PUNCT	PRO ENS REL CON NIL	Ik hou van schaken .
DET NOUN AUX ADJ ADP NUM ADJ PUNCT	QUC UOM NOW IST REL QUC UOM NIL	Een dollar is gelijk aan honderd dollarcent .
ADV VERB PROPN ADP DET NOUN PUNCT	PER EPS PER REL DEF CON NIL	Dan ontmoette Linda in de kerk .
PRON AUX ADJ ADP NOUN PUNCT	PRO NOW IST REL CON NIL	Ik ben allergisch voor katten .
PRON AUX NOUN PUNCT	PRO PST CLO NIL	Het was half~acht .
PROPN VERB ADP PROPN PUNCT	PER EPS REL ORG NIL	Beverly werkte voor WEDCOR .
PROPN AUX DET NOUN PUNCT	PER ENS DIS ROL NIL	Kieslowski is een filmregisseur .
PRON VERB PRON NUM NOUN PUNCT	PRO EPS PRO QUC UOM NIL	Ik betaalde hem vijf dollar .
PRON VERB VERB ADP DET NOUN PUNCT	PRO PST EXG REL DEF CON NIL	Hij ging vissen in de rivier .
ADV AUX PROPN VERB PUNCT	QUE PST PER EXS QUE	Waar is Adolf~Hitler geboren ?
DET NOUN VERB ADP ADP PROPN PUNCT	DEF CON EPS REL REL GPE NIL	De trein kwam aan in Londen .
PRON AUX ADP NOUN VERB PUNCT	PRO NEC REL CLO EXS NIL	Je moet om zes~uur opstaan .
DET NOUN AUX ADJ PUNCT	DEF CON NOW IST NIL	De lucht is bewolkt .
PRON AUX PROPN PUNCT	PRO NOW CLO NIL	Het is tien~minuten~voor~elf .
PROPN VERB ADP DET NOUN ADP DET NOUN PUNCT	PER ENS REL DEF CON REL DEF CON NIL	Tom woont in het hart van de stad .
NOUN AUX ADJ PUNCT	PER NOW IST NIL	Maria is linkshandig .
PROPN AUX ADV ADJ ADP PROPN PUNCT	CON NOW INT IST REL GPE NIL	Fastfood is zeer populair in Japan .
PRON VERB DET NOUN SCONJ PRON PROPN VERB PUNCT	PRO EPS DEF CON REL PRO GPE EPS NIL	We zagen de vogel toen we Okinawa bezochten .
PRON NOUN VERB ADP DET NOUN PUNCT	HAS ROL ENS REL DIS CON NIL	Mijn vrouw lijdt aan een longontsteking .
PRON AUX PROPN VERB PUNCT	PRO NOW ALT EXT NIL	Ik heb keer~op~keer geprobeerd .
PRON AUX VERB ADP DET NOUN ADP NUM ADJ NOUN PUNCT	PRO PST EXS REL DEF CON REL QUC IST CON NIL	Ze werd gediskwalificeerd van de race wegens twee valse starts .
NOUN PROPN AUX ADV ADJ ADP NOUN PUNCT	ROL PER NOW INT IST REL CON NIL	Mevrouw Ogawa is zeer goed in tennis .
PRON AUX ADV ADJ SCONJ PRON PUNCT	PRO NOW NOT MOR REL PRO NIL	Hij is niet dommer dan jij .
NOUN VERB ADP NOUN PUNCT	PER ENS REL GEO NIL	Dean~Lynn~Hart woont in Truckee~River~Trail .
ADJ AUX DET ADJ NOUN PUNCT	PER EPS DIS GPO ROL NIL	Nikos~Kourkoulos was een Griekse acteur .
NOUN AUX DET ADJ NOUN PUNCT	PER ENS DIS GPO ROL NIL	Klaus~Pohl is een Duitse toneelschrijver .
PRON NOUN AUX ADP NUM VERB PUNCT	HAS ROL PST REL YOC EXS NIL	Mijn grootvader werd in 1920 geboren .
PRON VERB PRON ADP PRON NOUN PUNCT	PRO EPS PRO REL HAS CON NIL	Ik vertelde hem over onze school .
ADV AUX DET ADJ NOUN PUNCT	NTH ENS DIS GPO CON NIL	Tux is een antarctische vogel .
DET NOUN AUX ADP NOUN PUNCT	DEF CON NOW NOT IST NIL	De lift is buiten werking .
PRON VERB DET NOUN ADP DET NOUN ADP DET NOUN PUNCT	PRO EPS DIS CON REL DEF CON REL DEF CON NIL	Ik nam een taxi van het treinstation naar het hotel .
PROPN AUX ADJ PUNCT	PER NOW IST NIL	Ken is gelukkig .
PRON VERB ADP ADP DET NOUN PUNCT	PRO EPS REL REL DIS CON NIL	Hij gleed uit over een bananenschil .
PRON AUX ADJ PUNCT	AND NOW IST NIL	Iedereen is gelukkig .
PRON AUX VERB PUNCT	PRO NOW IST NIL	Ik heb dorst .
CCONJ PRON AUX PRON ADV VERB PUNCT	BUT PRO ENS PRO NOT EXT NIL	Maar we kunnen hem niet verstaan .
PRON AUX DET NOUN PUNCT	DST ENS DEF CON NIL	Dat is de bushalte .
PRON AUX ADV VERB SCONJ PRON ADJ AUX PUNCT	PRO NOW NIL IST SUB PRO IST NOW NIL	Ik ben ervan overtuigd dat hij onschuldig is .
PRON VERB PRON DET ADJ NOUN PUNCT	PRO EPS PRO DIS IST CON NIL	Ze gaf me een charmerende glimlach .
PROPN VERB PROPN PUNCT	PER EPS PER NIL	Mary sloeg Tom .
DET NOUN AUX ADJ ADP NOUN PUNCT	DEF CON NOW IST REL CON NIL	De katten zijn bang voor water .
PRON AUX ADJ NOUN ADV VERB PUNCT	PRO POS IST CON NOT EXS NIL	Ik kan luidruchtige kinderen niet verdragen .
VERB DET NOUN ADP PROPN PUNCT	EXS DIS CON REL PER NIL	Noem een ouverture van Berlioz .
DET NOUN VERB ADP PRON NOUN PUNCT	DEF CON EPS REL HAS ROL NIL	Het kind rende naar zijn moeder .
PROPN VERB ADP NUM PUNCT	PER EPS REL YOC NIL	Oscar~Chisini stierf in 1967 .
PRON VERB ADJ PUNCT	PRO EPS CON NIL	Ik at kaviaar .
PRON VERB DET NOUN ADJ PUNCT	PRO EPS DEF CON COL NIL	Hij verfde het plafond blauw .
SCONJ PRON DET NOUN VERB PUNCT AUX PRON DET NOUN VERB PUNCT	SUB PRO PRX CON ENS NIL FUT PRO DEF CON EXS NIL	Als ge deze bus neemt , zult ge het dorp bereiken .
PRON VERB ADV ADP PRON NOUN PUNCT	PRO NOW IST REL HAS CON NIL	Ik heb genoeg van haar klachten .
PRON VERB PROPN DET NOUN PUNCT	PRO EPS PER DIS CON NIL	Ik gaf Tom een kalmeringsmiddel .
ADV VERB DET NOUN PROPN ADP PUNCT	QUE ENS DEF CON LIT REL QUE	Waar staat de afkorting ETA voor ?
PRON VERB DET NOUN ADP DET NOUN PUNCT	PRO EPS DEF CON REL DEF CON NIL	Ze nam de taxi naar het ziekenhuis .
AUX PRON ADV ADJ PUNCT	NOW PRO EMP IST QUE	Ben ik zo voorspelbaar ?
ADJ NOUN AUX ADJ ADP NOUN ADP ADJ NOUN PUNCT	IST CON NOW IST REL CON REL GPO CON NIL	Atletische jongens zijn populair bij meisjes in Amerikaanse scholen .
PRON AUX PRON DET NOUN VERB PUNCT	PRO FUT PRO PRX CON EXS NIL	Ik zal jou dit boek geven .
PRON VERB PRON ADP DET NOUN PUNCT	PRO EPS PRO REL DEF CON NIL	Zij sloeg hem in het gezicht .
PRON VERB PUNCT	NIL ENS NIL	Het sneeuwt .
ADV VERB PROPN PUNCT	QUE ENS PER QUE	Waar werkt Raymond~Pettibon ?
PRON VERB ADP NOUN PUNCT	PRO ENS REL CON NIL	Ze houdt van aardappelsalade .
PROPN AUX VERB ADP NOUN PUNCT	PER ENS CON REL CON NIL	Jezus heeft buikspieren van staal .
PROPN VERB ADP NUM DET NOUN NOUN PUNCT	ORG EPS REL YOC DIS QUC UOM NIL	Lukoil verdiende in 2004 een miljard dollar .
AUX PRON PRON NOUN VERB PUNCT	FUT PRO HAS CON EXS QUE	Zal ik uw jas dragen ?
PRON AUX PROPN PUNCT	PRO NOW IST NIL	Hij is lui .
PRON VERB DET NOUN PUNCT	PRO EPS DEF CON NIL	Hij overtrad de wet .
ADV VERB PRON ADJ PUNCT	POS PST PRO IST NIL	Misschien was hij ziek .
PRON AUX VERB CCONJ NOUN PUNCT	PRO PST EXS COO EXS NIL	Hij was gemarteld en gemoord .
DET NOUN VERB PUNCT	DEF CON ENS NIL	De vogel vliegt .
PRON NOUN VERB ADV NOUN PUNCT	HAS CON ENS ALT CON NIL	Mijn hond kijkt ook tv .
DET NOUN AUX ADP NOUN VERB PUNCT	DEF ROL PST REL ROL EXS NIL	De journalist werd door terroristen ontvoerd .
PRON VERB PRON PUNCT	PRO EPS PRO EMP	Hij kneep me !
PROPN VERB PROPN PUNCT	PER EPS PER NIL	Louis~Riel vermoordde Scott .
DET NOUN VERB ADP DET NOUN ADP DET NOUN PUNCT	DEF CON ENS REL DEF CON REL DEF CON NIL	De stad ligt aan de voet van de berg .
DET NOUN VERB DET NOUN ADP DET NOUN PUNCT	DST CON EPS DIS CON REL DEF CON NIL	Dat kind wierp een steen naar de hond .
PRON AUX DET NOUN NOUN ADJ PUNCT	PRX NOW DIS QUC UOM IST NIL	Dit is een miljoen yen waard .
DET NOUN VERB ADP ADP DET NOUN PUNCT	DEF CON ENS REL REL DEF GEO NIL	De rivier komt uit in de Pacifische~oceaan .
PRON VERB DET NOUN ADJ VERB PUNCT	PRO NOW DEF CON COL EXT NIL	Ik heb het dak lichtblauw geverfd .
PROPN PROPN AUX NOUN PUNCT	PER EPS HAS CON NIL	Tom streek zijn kleren .
DET NOUN VERB PUNCT	DST CON ENS NIL	Die emmer lekt .
PROPN VERB ADP NOUN PUNCT	PER EPS REL ART NIL	Mabel~Normand speelde in The~Extra~Girl .
PRON VERB DET NOUN ADP PRON NOUN ADP PUNCT	PRO EPS DEF CON REL HAS CON REL NIL	Hij veegde het zweet van zijn gezicht af .
DET NOUN AUX DET ADJ NOUN PUNCT	AND CON EXS DIS IST CON NIL	De egel is een klein dier .
ADV VERB PROPN PUNCT	QUE EPS PER QUE	Waar overleed Irving~Mitchell ?
PRON AUX VERB PUNCT	PRO NOW EXT NIL	Hij heeft geboerd .
PROPN VERB DET NOUN ADP PROPN PUNCT	PER EPS DEF CON REL PER NIL	Tom gooide de sleutels naar Mary .
PRON NOUN VERB ADP DET NOUN PUNCT	HAS ROL ENS REL DIS CON NIL	Mijn broer werkt in een benzinestation .
PROPN AUX DET NOUN PRON VERB PUNCT	PER NOW NOT CON PRG EXS NIL	Millie is geen water aan~het drinken .
NOUN VERB AUX VERB ADP PROPN PUNCT	ROL PER PST EXS REL GPE NIL	Paus Johannes~Paulus~II werd geboren in Polen .
PRON VERB PRON ADP NUM PUNCT	PRO EPS PRO REL CLO NIL	Ik verwachtte je om 11~uur .
PRON VERB DET NOUN PUNCT	PRO ENS DIS ROL NIL	Ik ben een bakker .
DET NOUN VERB PRON ADP NOUN PUNCT	DEF CON EFS PRO REL CLO NIL	De wekker wekt me om zeven~uur .
DET NOUN VERB PRON ADP DET PROPN PUNCT	QUE CON ENS DIS REL DEF GPE QUE	Welke taal spreken ze in de VS ?
NOUN PROPN VERB ADP NUM PUNCT	ROL PER EPS REL YOC NIL	Koningin Elizabeth overleed in 1603 .
PRON AUX DET NOUN PUNCT	QUE ENS DST CON QUE	Wie is die persoon ?
NOUN AUX ADV NUM NOUN VERB PUNCT	PER NOW MOR QUC CON EXT NIL	Jiro~Akagawa heeft meer~dan 480 romans geschreven .
PRON NOUN AUX NOUN PUNCT CCONJ PRON NOUN AUX ADJ PUNCT	HAS ROL NOW IST NIL BUT HAS ROL NOW IST NIL	Mijn oom is mager , maar mijn tante is dik .
PRON VERB ADV ADP PRON PUNCT	PRO NOW IST REL PRO NIL	Ik heb genoeg van hem .
PRON AUX ADJ ADP PRON NOUN PUNCT	PRO NOW IST REL HAS ROL NIL	Ik ben gelukkig met mijn vriendin .
ADV VERB DET ADJ NOUN ADP NOUN PUNCT	NIL ENS DIS IST CON REL GEO NIL	Er is een nieuw restaurant op Cherry~Avenue .
PRON VERB PUNCT PROPN PUNCT PUNCT	QUE EPS NIL ART NIL QUE	"Wie regisseerde "" North~by~Northwest "" ?"
ADP DET NOUN VERB PROPN PUNCT	REL QUE CON EPS PER QUE	Bij welke partij hoorde Noriega ?
DET NOUN VERB ADP DET NOUN ADP PROPN PUNCT	DEF CON EPS REL DEF CON REL GPE NIL	Het vliegtuig landde op het vliegveld in Narita .
DET NOUN VERB PRON NUM NOUN PUNCT	DEF CON EPS PRO QUC UOM NIL	De bank leende hem vijfhonderd dollar .
PROPN AUX DET NOUN VERB PUNCT	PER NOW DEF CON EXT NIL	Edison heeft de elektrische~lamp uitgevonden .
PRON AUX PRON ADV ADJ PUNCT	PRO NOW HAS CON EXT NIL	ik heb mijn enkel verzwikt .
PRON VERB PRON ADV PUNCT	PRO EPS PRO CON NIL	Ze zwaaide me gedag .
PRON VERB DET PROPN PUNCT	PRO ENS NOT CON NIL	Ik spreek geen Ests .
PRON VERB ADV NUM NOUN ADV PUNCT	PRO EPS APX QUC UOM PST NIL	Hij vertrok ongeveer tien minuten geleden .
NOUN PROPN AUX VERB ADP NOUN PUNCT	ROL PER PST EXS REL ROL NIL	President Alfredo~Cristiani werd aangevallen door demonstranten .
DET NOUN PUNCT PROPN PUNCT AUX VERB ADP PROPN PUNCT	DEF CON NIL ART NIL PST EXS REL PER NIL	De film ' Speed ' werd geregisseerd door Jan~de~Bont .
PRON VERB DET ADV ADP DET NOUN PUNCT	PRO EXS AND CON REL DEF CON NIL	Hij wandelt elke morgen in het park .
NOUN VERB DET NOUN ADP DET NOUN PUNCT	ROL EPS DEF CON REL DIS CON NIL	Moeder sneed de kaas met een mes .
PRON AUX ADJ PUNCT	PRO NOW IST NIL	Hij is ziek .
DET NOUN AUX ADP DET NOUN PUNCT	DEF CON ENS REL DEF CON NIL	De hond is in het huis .
PROPN VERB PRON NOUN PUNCT	PER EPS HAS ROL NIL	Tom bespioneerde zijn kamergenoot .
PROPN AUX ADP DET NOUN PUNCT	PER ENS REL DEF CON NIL	Elaine is in het ziekenhuis .
ADV VERB DET NOUN PROPN ADP PUNCT	QUE ENS DEF CON LIT REL QUE	Waar staat de afkorting VN voor ?
PRON AUX PRON VERB PUNCT	PRO NOW NOT EXT EMP	Ik heb niets verstaan !
ADV PRON AUX NUM PUNCT	ALT PRO NOW QUC NIL	Ook ik ben zeventien .
PRON NOUN AUX NUM NOUN ADP PROPN VERB PUNCT	HAS ROL NOW QUC UOM REL GPE EXT NIL	Mijn oom heeft twee jaar in Washington~D.C. gewoond .
PROPN AUX DET NOUN PUNCT	PER ENS DIS CON NIL	Tom is een heer .
PROPN VERB SCONJ PRON NOUN AUX PUNCT	PER ENS SUB PRO IST NOW NIL	Tom denkt dat ik jaloers ben .
PROPN AUX DET NOUN ADP DET NOUN PUNCT PROPN PUNCT PUNCT	PER ENS DEF ROL REL DEF CON NIL ART NIL NIL	Michael~Crichton is de auteur van het boek ' Jurassic~Park ' .
DET NOUN VERB NOUN DET NOUN PUNCT	DEF CON EPS REL DEF CON NIL	De jachthond liep richting het bos .
PROPN AUX PRON VERB PUNCT	PER PST PRG EXS NIL	Tom was aan~het huilen .
AUX DET NOUN VERB PUNCT	NOW PRX CON IST QUE	Is dit restaurant geopend ?
PRON VERB PRON NOUN PUNCT	PRO ENS HAS CON NIL	Hij houdt zijn woord .
NOUN VERB PRON PROPN PUNCT	CON ENS PRO LIT NIL	Mensen noemen haar Yotchan .
PRON AUX DET NOUN ADP PROPN PUNCT	QUE ENS DEF CON REL PER QUE	Wat is de voornaam van Milosevic ?
PRON VERB NOUN NOUN PUNCT	PRO ENS IST CON NIL	Ik verkies slappe koffie .
PRON VERB DET NOUN PUNCT	PRO ENS DIS ROL NIL	Hij heeft een zoon .
DET NOUN VERB PRON PUNCT	DST CON ENS PRO NIL	Die kerel ergert mij .
PRON VERB PRON PUNCT	PRO EPS PRO NIL	Ik omhelsde haar .
PRON AUX PRON VERB PUNCT	PRO NOW PRO EXT NIL	Je hebt ons verraden .
PRON AUX ADJ PUNCT	PRO ENS ROL NIL	Hij is tandarts .
DET NOUN NOUN AUX ADP PROPN VERB PUNCT	PRX CON CON PST REL GPE EXS NIL	Dit plastic eekhoorntje werd in China gemaakt .
PROPN AUX DET NOUN PUNCT	PER ENS DIS ROL NIL	Gianni~Versace is een ontwerper .
PRON VERB PRON PUNCT	NOT ENS PRO NIL	Niemand begrijpt me .
PRON VERB PUNCT	NIL ENS NIL	Het regent .
PRON VERB DET NOUN NOUN ADP PRON NOUN PUNCT	PRO NOW DIS CON EXT REL HAS CON NIL	Ik heb een appelboom geplant in mijn tuin .
PROPN AUX DET NOUN PUNCT	PER ENS DIS ROL NIL	Brad~Pitt is een acteur .
ADP PROPN VERB NOUN VERB NOUN PUNCT	REL GPE ENS QUV IST CON NIL	In Alaska wonen miljoenen wilde dieren .
PRON AUX PRON VERB PUNCT	PRO NOW PRO EXT NIL	Ze heeft me gedumpt .
PRON VERB NUM NOUN PUNCT	PRO ENS QUC CON NIL	We hebben twee kinderen .
PRON VERB PRON ADJ PUNCT	PRO NOW AND EXT NIL	Je hebt alles verpest .
DET NOUN VERB PUNCT	DEF ROL EPS NIL	De leraar grijnsde .
DET NOUN AUX ADJ PUNCT	DEF CON NOW IST NIL	De maan is helder .
DET NOUN AUX PRON VERB PUNCT	DEF CON PST PRG EXS NIL	De kinderen waren aan~het vliegeren .
PROPN AUX VERB ADP PROPN PUNCT	PER PST EXS REL GPE NIL	Johann~Wolfgang~von~Goethe werd geboren in Duitsland .
PROPN VERB PRON NOUN PROPN PUNCT	PER EPS HAS CON LIT NIL	Mike noemde zijn hond Spike .
PRON VERB NOUN ADP PRON NOUN CCONJ VERB PRON PUNCT	PRO EPS CON REL HAS CON COO EPS PRO NIL	Hij schonk melk in zijn tea en roerde het .
PRON AUX DET ADJ VERB PUNCT	DST ENS DIS IST CON NIL	Dat is een goedkope uitvlucht .
DET NUM NOUN VERB ADP DET NOUN PUNCT	DEF QUC CON EPS REL DEF CON NIL	De twee honden vochten voor het been .
PRON AUX NUM NOUN ADJ SCONJ PRON PUNCT	PRO NOW QUC UOM MOR REL PRO NIL	Ze is twee jaar jonger dan hij .
DET NOUN VERB PRON VERB PUNCT	DEF ROL EPS DEF CON NIL	De jager vilde het hert .
DET NOUN AUX DET ADJ NOUN VERB PUNCT	DEF ROL NOW DEF IST CON EXT NIL	De chirurg heeft het verkeerde been afgezet .
DET NOUN AUX ADJ PUNCT	DEF CON PST IST NIL	De wijn was uitstekend .
PRON AUX DET ADJ NOUN PUNCT	DST ENS DIS IST CON NIL	Dat is een mooi verhaal .
DET NOUN AUX ADP NOUN PUNCT	DEF CON NOW IST ROL NIL	De stad is vol toeristen .
PROPN VERB PROPN DET NOUN PUNCT	PER EPS PER DEF CON NIL	Tom gaf Mary de zaklamp .
PRON AUX DET ADJ NOUN PUNCT	QUE ENS PRX IST CON QUE	Wie is dit mooie meisje ?
ADV AUX VERB ADP PROPN PUNCT	ORG NOW EXS REL ORG NIL	MG~Rover is gekocht door Airbus .
NOUN PROPN VERB NUM NOUN PUNCT	ROL PER ENS QUC CON NIL	Meneer Brown heeft vier kinderen .
PRON NOUN AUX ADJ PUNCT	HAS ROL NOW IST NIL	Mijn moeder is mooi .
PRON AUX ADJ SCONJ PRON NOUN PUNCT	PRO NOW MOR REL HAS ROL NIL	Hij is groter dan zijn vader .
PRON AUX ADV ADJ SCONJ PRON PUNCT	PRO NOW QUV MOR REL PRO NIL	Zij is veel groter dan ik .
PROPN VERB PRON NOUN PUNCT	PER EPS HAS CON NIL	Tom schraapte zijn keel .
DET NOUN ADP DET NOUN VERB NOUN PUNCT	DEF CON REL DEF CON ENS CON NIL	De hitte van de zon verhardt klei .
PRON AUX ADJ ADP PRON PUNCT	PRO NOW IST REL PRO NIL	Ze is vriendelijk tegen hem .
PRON VERB NUM NOUN PUNCT	PRO ENS QUC ROL NIL	We hebben twee dochters .
PRON VERB PRON PUNCT	PRO ENS PRO NIL	We begrijpen het .
PRON VERB PROPN PUNCT	PRO ENS CON NIL	Ik leer Perzisch .
ADV VERB DET NOUN ADP DET NOUN PUNCT	NIL ENS DIS CON REL DEF CON NIL	Er zit een aal in het water .
PROPN VERB DET NOUN NOUN PUNCT	PER EPS DIS QUV CON NIL	Brian nam een paar rozen .
NOUN VERB ADP PROPN PUNCT	PER EPS REL MOY NIL	Maciek overleed in december .
NUM NOUN VERB PROPN PUNCT	QUE ROL ENS GPE QUE	Hoeveel inwoners heeft Irak ?
ADV VERB NOUN PUNCT	QUE EPS PER QUE	Hoe stierf Charles~Bukowski ?
PRON VERB ADP DET NOUN ADP DET NOUN PUNCT	NIL ENS REL DEF CON REL DST CON NIL	Het krioelt van de vissen in die rivier .
PRON NOUN AUX VERB PUNCT	HAS CON PST EXS NIL	Mijn horloge werd gestolen .
SYM VERB PROPN PUNCT	ORG EPS ORG NIL	Manchester~United versloeg Fulham .
PRON VERB PRON VERB PUNCT	PRO FUT PRO EXS NIL	Ik ga hem neerschieten .
DET NOUN VERB ADP NOUN PUNCT	DEF CON ENS REL CLO NIL	De school begint om half~negen .
PRON AUX PROPN PUNCT	PRO EQU PER NIL	Ik ben Antonio .
DET NOUN VERB NOUN PROPN PUNCT	DIS ROL EPS ROL PER NIL	Een dokter onderzocht meneer Brown .
PROPN VERB PRON ADP PUNCT	PER EPS REF REL NIL	Tom kleedde zich om .
PRON VERB NOUN PUNCT	PRO EPS CON NIL	Hij dronk bier .
PRON AUX ADJ PUNCT	PRO NOW IST NIL	Ik ben gelukkig .
PROPN AUX ADJ PUNCT	PER NOW IST NIL	Tom is sterk .
PRON VERB PRON PUNCT	PRO EPS PRO NIL	Ik at het .
PRON AUX ADJ PUNCT	PRO NOW IST NIL	Zij is intelligent .
PRON AUX ADJ SCONJ PRON PUNCT	PRO NOW MOR REL PRO NIL	Ik ben groter dan je .
NOUN AUX DET NOUN PUNCT	PER EPS DIS ROL NIL	Leo~Tolstoj was een vegetariër .
PRON AUX ADJ SCONJ PRON PUNCT	PRO NOW MOR REL PRO NIL	Jij bent groter dan ik .
PRON VERB DET NOUN PUNCT	PRO EPS DIS CON NIL	We huurden een film .
PROPN VERB PROPN PUNCT	ORG EPS ORG NIL	BSN kocht RJR~Nabisco .
PRON AUX ADJ SCONJ PRON NOUN PUNCT	PRO NOW MOR REL HAS ROL NIL	Ik ben ouder dan uw broer .
PRON VERB ADP PRON NOUN ADP VERB PUNCT	PRO EPS REL HAS CON NIL EXS NIL	Ik aarzelde om zijn graf te verlaten .
AUX PRON NOUN ADJ PUNCT	NOW HAS CON IST QUE	Is jouw hond gemeen ?
DET NOUN VERB PUNCT	DEF CON ENS EMP	Het schip zinkt !
DET NOUN AUX ADJ PUNCT	DEF CON NOW COL NIL	De hemel is blauw .
PRON VERB DET NOUN PUNCT	PRO EPS DIS CON NIL	Hij dronk een bier .
PRON AUX DET NOUN VERB PUNCT	PRO NOW DEF CON EXT NIL	Je hebt de wet gebroken .
PRON VERB ADP NOUN PUNCT	PRO ENS REL CON NIL	Ik hou van disco-muziek .
PROPN AUX ADP DET NOUN VERB PUNCT	PER NOW REL DIS CON EXS NIL	Tom is door een tijger opgegeten .
DET NOUN AUX ADJ PUNCT	DEF CON NOW IST NIL	De taart is heerlijk .
PRON AUX ADJ ADJ PUNCT	PRO NOW POS IST NIL	Hij is waarschijnlijk dood .
PRON VERB PRON NOUN PUNCT	PRO EPS HAS CON NIL	Ze masseerde zijn rug .
NOUN AUX DET ADJ NOUN ADP PROPN PUNCT	PER EPS DEF ORD ROL REL GPE NIL	Qin~Shi~Huang was de eerste keizer van China .
PROPN VERB ADP PROPN PUNCT	PER EPS REL GPE NIL	Zhao stierf in Peking .
DET NOUN VERB ADP PUNCT	DEF CON ENS REL NIL	De zonsopgang breekt aan .
PRON AUX DET NOUN ADP PRON NOUN VERB PUNCT	PRO NOW DEF CON REL HAS ROL EXT NIL	Hij heeft het bedrijf van zijn vader geërfd .
PRON VERB ADP NOUN PUNCT	PRO ENS REL CON NIL	Hij zit aan tafel .
PRON NOUN VERB DET NOUN ADP DET NOUN VERB PUNCT	HAS ROL NOW DEF CON REL DEF CON EXT NIL	Mijn moeder heeft de taart in de koelkast gelegd .
NUM NOUN VERB PROPN PUNCT	QUE ROL ENS GPE QUE	Hoeveel inwoners heeft Tsjetsjenië ?
PRON VERB DET NOUN PUNCT	PRO ENS DIS CON NIL	Ik eet een banaan .
PRON VERB PUNCT	PRO ENS NIL	Wij zaaien .
PRON VERB ADP DET ADJ NOUN PUNCT	PRO EPS REL DEF IST CON NIL	Hij protesteerde tegen het nieuwe plan .
PROPN VERB DET NOUN ADP PROPN PUNCT	PER EPS DIS CON REL PER NIL	Tom kocht een cadeautje voor Mary .
PRON VERB DET NOUN ADP NOUN PUNCT	PRO EPS DIS CON REL CON NIL	Ik maakte een bureau van hout .
PRON VERB ADP DET NOUN PUNCT	PRO EPS REL DEF CON NIL	Hij klopte op de deur .
PRON AUX ADV NUM NOUN VERB PUNCT	PRO FUT MOR QUC UOM EXS NIL	Het zal meer~dan duizend yen kosten .
PRON AUX DET NOUN PUNCT	QUE ENS DEF CON QUE	wat is de wisselkoers ?
PRON VERB NOUN PUNCT	PRO EPS CON NIL	Ik dronk melk .
PRON AUX DET NOUN PUNCT CCONJ PRON AUX NOUN PUNCT	PRO EPS DIS CON NIL BUT PRO PST IST NIL	Ze was een kind , maar ze was dapper .
DET NOUN VERB PUNCT	DST CON ENS EMP	Die hond stinkt !
ADV VERB NOUN ADP DET NOUN PUNCT	NIL ENS CON REL DEF CON NIL	Er is melk in de koelkast .
PRON NOUN AUX NOUN PUNCT	HAS CON NOW IST NIL	Mijn camera is waterdicht .
PRON VERB DET NOUN ADP DET NOUN PUNCT	PRO EPS DIS CON REL DEF CON NIL	Ik hoorde een geluid in de slaapkamer .
PRON VERB PRON NOUN ADP DET NOUN PUNCT	PRO EPS HAS CON REL DEF CON NIL	Hij stak zijn mes in de boom .
PRON VERB NOUN PUNCT	PRO NOW IST NIL	Ik heb honger .
PRON AUX VERB PUNCT	PRO NOW EXT NIL	Ik ben teruggekomen .
PROPN AUX DET ADJ NOUN PUNCT	PER ENS DIS DEG ROL NIL	Aurélie is een jonge herderin .
PRON AUX DET NOUN PUNCT CCONJ PRON AUX ADV ADJ PUNCT	PRO EPS DIS CON NIL BUT PRO PST NOT IST NIL	Ze was een kind , maar ze was niet bang .
PROPN AUX DET VERB NOUN PUNCT	GPE ENS DIS IST CON NIL	Israël is een ontwikkeld land .
PROPN VERB DET NOUN CCONJ PROPN VERB PRON ADP DET NOUN PUNCT	PER EPS DEF CON COO PER EPS PRO REL DEF CON NIL	Tom speelde de hobo en Maria begeleidde hem op de piano .
PRON AUX NOUN PUNCT	PRO NOW IST NIL	Je bent fotogeniek .
DET NOUN AUX PRON PUNCT	HAS CON ENS PRX QUE	Wiens container is dit ?
PRON AUX ADP DET NOUN PUNCT	PRO ENS REL DEF CON NIL	Ik ben in de keuken .
PRON AUX VERB PUNCT	NIL NOW CLO NIL	Het is half~negen .
PRON VERB DET NOUN PUNCT	PRO ENS DIS ROL NIL	Ik ben een tennisspeler .
PROPN AUX NOUN DET VERB PUNCT	PER NOW CON PRG EXS NIL	Mary is tijd aan~het verliezen .
PROPN VERB ADP PROPN PUNCT	PER EPS REL PER NIL	Dickson werkte voor Edison .
PROPN AUX VERB ADP PROPN PUNCT	PER PST EXS REL GPE NIL	Nancy~Ianiero werd gedood in Mexico .
NOUN AUX DET ADJ NOUN PUNCT	ORG ENS DIS GPO CON NIL	Verdens~Gang is een Noorse krant .
PRON NOUN AUX VERB PUNCT	HAS CON PST EXS NIL	Mijn horloge was gestolen .
PRON AUX DET NOUN PROPN PUNCT	QUE NOW DEF CON EXT QUE	Wie heeft de boom geplant ?
DET NOUN PRON PRON VERB AUX PRON ADJ PUNCT	DEF CON AND PRO EXT NOW NOW IST NIL	De romans die hij geschreven heeft zijn interessant .
NOUN PROPN VERB ADP DET NOUN PUNCT	ROL PER ENS REL DIS CON NIL	Meneer Spencer werkt in een winkel .
PRON VERB NOUN NUM NOUN PUNCT	PRO EPS LES QUC UOM NIL	Dit kostte minder~dan vijftien dollar .
DET NOUN AUX DET NOUN ADJ PUNCT	PRX CON NOW QUC UOM MOR NIL	Deze schoen is een maat groter .
PRON AUX NUM NOUN VERB PUNCT	PRO PST QUC UOM EXS NIL	Hij werd 10.000 dollar betaald .
PRON AUX PRON NOUN PUNCT	DST ENS HAS CON NIL	Dat is mijn hond .
PRON AUX PRON NOUN PUNCT	QUE ENS HAS CON QUE	Wat is je voornaam ?
PRON VERB PROPN PROPN PROPN PROPN PUNCT	PRO ENS PER NIL LIT NIL NIL	Ze noemen Robert „ Bob ” .
PRON VERB DET NOUN ADP DET NOUN PUNCT	PRO EPS DIS CON REL DEF CON NIL	Hij nam een foto van de koala .
PRON VERB DET NOUN ADV DET VERB PUNCT	PRO FUT DEF CON NOT ALT EXS NIL	Hij gaat de stad nooit meer bezoeken .
PRON AUX ADJ ADP PRON NOUN PUNCT	PRO NOW IST REL HAS ROL NIL	Ze is trots op haar dochter .
PRON VERB ADP PRON ADP PROPN PUNCT	PRO ENS REL PRO REL GPE NIL	Ik ga met u naar Hannover .
PRON AUX DET NOUN ADP NUM PUNCT	QUE EXS DEF CON REL QUC QUE	Wat is de wortel van 100 ?
PRON VERB ADV NUM NOUN PUNCT	PRO ENS APX QUC CON NIL	Ze heeft ongeveer 2000 boeken .
AUX PRON ADP PROPN PUNCT	ENS PRO REL GPE QUE	Ben ik in Londen ?
PRON AUX DET NOUN ADP DET NOUN PUNCT	QUE ENS DEF ROL REL DEF CON QUE	Wie is de uitvinder van de radio ?
PRON VERB ADP DET NOUN PUNCT	PRO EPS REL DEF CON NIL	Ik staarde naar de man .
PRON DET SCONJ PROPN ADJ PUNCT	AND CON NOT PER EPS NIL	Ieder een behalve Tom glimlachte .
PRON AUX NOUN PUNCT	PRO NOW CLO NIL	Het is vijf~voor~vier .
DET NOUN ADP PROPN AUX ADJ ADP PRON PUNCT	DEF CON REL GPE PST IST REL PRO NIL	De mensen in Brazilië waren trots op hem .
PROPN VERB DET NOUN ADP NOUN ADP PRON NOUN PUNCT	PER EPS DIS CON REL GPE REL HAS ROL NIL	Tom verbleef een week op Bali met zijn vriendin .
DET NOUN AUX NUM NOUN ADJ PUNCT	DEF CON NOW QUC UOM DEG NIL	De bibliotheek is tachtig jaar oud .
NOUN PUNCT VERB DET NOUN PUNCT	ROL PER EPS DEF CON NIL	Koning Henry~II verbood het steekspel .
PROPN VERB PROPN ADP PUNCT	PER EPS PER REL NIL	Berlinguer volgde Natta op .
NOUN VERB ADP PROPN PUNCT	PER EPS REL ORG NIL	Nelson~Beavers werkte voor Eurofins .
PRON AUX ADP DET NOUN ADV VERB PUNCT	PRO NOW REL DEF ROL EMP EXT NIL	Ik heb met de actrice zelf gesproken .
NOUN VERB ADP NOUN ADP NOUN PUNCT	CON ENS REL CON REL CON NIL	Bijen vliegen van bloem tot bloem .
PRON VERB ADP DET VERB NOUN PUNCT	PRO EPS REL DEF IST CON NIL	Hij klopte op de gesloten deur .
NUM CCONJ NUM AUX NUM PUNCT	QUC CON QUC EXS QUC NIL	Vijf plus twee is zeven .
PRON AUX VERB ADP DET NOUN PUNCT	PRO PST EXS REL DIS CON NIL	Hij werd aangevallen door een haai .
PRON AUX PRON NOUN PUNCT	PRO NOW PRG EXS NIL	Ik ben aan~het dutten .
PRON VERB DET NOUN NOUN PUNCT	PRO ENS AND CON CON NIL	Ze speelt iedere dag tennis .
PRON AUX NOUN VERB PUNCT	QUE NOW CON EXT QUE	Wie heeft radium ontdekt ?
PRON AUX VERB ADP DET NOUN PUNCT	PRO NOW EXT REL DIS ROL NIL	Ze is getrouwd met een muzikant .
DET NOUN AUX ADV ADJ SCONJ DET NOUN PUNCT	DST CON NOW NOT MOR REL DIS CON NIL	Dat radiootje is niet groter dan een lucifersdoosje .
X PUNCT AUX VERB ADP NOUN PUNCT	ORG NOW EXS REL GPE NIL	Apple~Inc. is gevestigd in San~Jose .
DET NOUN VERB NUM NOUN PUNCT	DEF CON EPS QUC UOM NIL	De oorlog duurde twee jaar .
DET NOUN VERB PRON ADJ PUNCT	PRX CON EPS PRO IST NIL	Dit antwoord maakte hem woedend .
PRON VERB ADP DET NOUN PUNCT	PRO EPS REL DEF CON NIL	Hij klopte op de deur .
PROPN ADJ DET NOUN PUNCT	PER EPS DEF CON NIL	Tom morste de melk .
PRON AUX DET NOUN ADP DET NOUN ADP PROPN PUNCT	QUE EPS DEF CON REL DEF ROL REL PER QUE	Wat was de voornaam van de vader van Gottfried~Reinhardt ?
PROPN VERB PROPN DET NOUN PUNCT	PER EPS PER DIS CON NIL	Tom gaf Mary een banaan .
NOUN VERB NOUN PUNCT	CON EXS CON NIL	Katten vangen muizen .
DET NOUN AUX DET NOUN PUNCT	AND CON EQU DIS CON NIL	Een dolfijn is een zoogdier .
PRON VERB DET NOUN PUNCT	PRO EPS DIS CON NIL	Hij groef een gat .
PRON VERB PRON ADP DET NOUN PUNCT	PRO EPS PRO REF DEF CON NIL	Zij sloeg hem in het gezicht .
DET NOUN VERB ADP NOUN PUNCT	DEF CON EPS REL CLO NIL	De vergadering duurde tot vijf~uur .
PRON VERB PRON PUNCT	NOT EPS PRO NIL	Niemand begreep mij .
PRON AUX ADJ PUNCT	PRO NOW IST NIL	Zij is gelukkig .
PROPN AUX DET NOUN VERB PUNCT	PER NOW DEF CON EXT NIL	Mary heeft de koe gemolken .
DET NOUN VERB ADV PUNCT	PRX CON ENS NOT NIL	Deze koptelefoons werken niet .
PROPN VERB NOUN PUNCT	PER ENS CON NIL	Tom speelt hockey .
DET NOUN AUX VERB ADP DET NOUN PUNCT	PRX CON NOW EXS REL DIS CON NIL	Deze film is gebaseerd op een roman .
PRON VERB DET NOUN ADP DET NOUN PUNCT	PRO EPS DEF CON REL DEF CON NIL	Hij stak de sleutel in het slot .
PRON VERB NOUN ADP DET NOUN PUNCT	PRO EPS CON REL DEF CON NIL	Ze voegde melk bij de koffie .
PROPN VERB ADP DET NOUN PUNCT	PER EPS REL DEF CON NIL	Tom kreunde van de pijn .
PROPN AUX VERB ADP NOUN PUNCT	ORG PST EXS REL ORG NIL	Cisco werd overgenomen door Infogear~Technology~Corp .
DET PROPN AUX NUM NOUN ADJ PUNCT	DEF GEO NOW QUC UOM DEG NIL	De Everglades is 75 kilometer breed .
DET NOUN VERB ADP NOUN PUNCT	DEF CON ENS REL CLO NIL	De school begint om half~negen .
PROPN VERB DET NOUN ADP PUNCT	PER EPS DEF CON REL NIL	John liep de kamer in .
PRON VERB SCONJ PRON PRON ADV VERB PUNCT	PRO EPS SUB PRO PRO NOT EPS NIL	Hij antwoordde dat hij het niet wist .
PRON VERB DET NOUN ADP PRON NOUN PUNCT	PRO EPS DIS CON REL HAS ROL NIL	Ze kocht een woordenboek voor haar zuster .
PRON VERB ADP PROPN VERB PUNCT	PRO ENS REL GPE EXS NIL	Ik wil naar Japan gaan .
DET PROPN NOUN PRON NOUN ADP DET NOUN PUNCT	DIS ROL EPS HAS CON REL DEF CON NIL	Een zakkenroller stal mijn portemonnee in de trein .
PRON AUX DET NOUN VERB PUNCT	PRO NOW DIS CON EXT NIL	Ik heb een pizza besteld .
PRON VERB ADP DET VERB PUNCT	PRO ENS REL DIS CON NIL	Hij werkt in een lommerd .
PRON AUX DET NOUN VERB PUNCT	PRO NOW DEF CON EXT NIL	Ze is de straat overgestoken .
PRON AUX ADV ADJ PUNCT	PRO PST NOT IST NIL	Het was niet persoonlijk .
PROPN AUX DET NOUN PUNCT	PER ENS DIS ROL NIL	Mary is een kluns .
PROPN VERB DET ADJ NOUN PUNCT	PER EPS DIS DEG CON NIL	John erfde een groot fortuin .
PROPN AUX DET NOUN VERB PUNCT	PER NOW DIS CON EXT NIL	Kate heeft een appeltaart gebakken .
PRON AUX ADJ ADP PRON ADJ NOUN PUNCT	PRO NOW IST REL HAS IST CON NIL	Ze is blij met haar nieuwe jurk .
PRON AUX ADV VERB PUNCT	PRO POS NOT EXS NIL	Hij kan niet zwemmen .
PRON VERB ADP PROPN ADP ADP NUM PROPN PUNCT	PRO EPS REL GPE REL REL DOM MOY NIL	Ze kwamen in New~Delhi aan op 9 juli .
ADV VERB DET NOUN PUNCT	QUE ENS DEF CON QUE	Waar zijn de parkeermeters ?
PRON AUX DET NOUN VERB PUNCT	PRO ENS DIS QUC CON NIL	We hebben een half~dozijn eieren .
AUX PRON ADJ ADP PROPN PUNCT	NOW PRO IST REL PER QUE	Ben je boos op Tom ?
PROPN VERB PRON NOUN ADP DET NOUN PUNCT	PER EPS HAS CON REL DEF CON NIL	Tom schreef zijn naam op het bord .
PRON AUX DET ADJ NOUN ADP PROPN PUNCT	QUE ENS DEF TOP CON REL GPE QUE	Wat is de hoogste berg in Duitsland ?
ADP NOUN VERB PRON ADP PUNCT	REL CLO EPS AND REL NIL	Om middernacht kwam iedereen binnen .
PRON NOUN VERB ADP NOUN PUNCT	HAS ROL ENS REL CON NIL	Mijn vriend houdt van chocolade-ijs .
PRON AUX ADV ADV ADJ PUNCT	PRO NOW NOT EMP IST NIL	Ik ben niet zo gek .
PRON AUX DET NOUN ADJ SCONJ PRON PUNCT	PRO NOW DIS QUV MOR REL PRO NIL	Hij is een beetje kleiner dan ik .
PRON PRON AUX ADJ PUNCT	HAS CON NOW DEG NIL	Haar haar is lang .
PRON AUX DET NOUN VERB PUNCT	PRO NOW DEF CON EXT NIL	Ik heb de pc kapotgemaakt .
PROPN AUX DET ADJ NOUN PUNCT	PER ENS DIS IST CON NIL	Luna is een betrouwbaar persoon .
DET NOUN VERB DET ADJ NOUN ADP PROPN PUNCT	DIS CON EPS DEF IST CON REL GPE NIL	Een tsunami raakte de noordoostelijke kust van Hokkaido .
NOUN AUX DET ADJ PUNCT	PER ENS DIS ROL NIL	Stephen~Hawking is een natuurkundige .
PROPN VERB NUM NOUN PUNCT	ORG ENS QUC UOM NIL	Parmalat kost 14,3~miljard euro .
PROPN AUX ADP PROPN PUNCT	PER EPS REL GPE NIL	Bill was in Japan .
PROPN VERB ADV ADP NOUN PUNCT	PER ENS NOT REL CON NIL	Tom houdt niet van kaas .
PROPN AUX ADJ ADP NOUN PUNCT	PER NOW IST REL CON NIL	John is goed in wiskunde .
AUX DET PRON NOUN PUNCT	ENS PRX HAS CON QUE	Is dit jouw fiets ?
PRON VERB ADP DET NOUN PUNCT	PRO ENS REL PRX CON NIL	Hij woont in deze wijk .
PRON AUX ADJ SCONJ PRON PUNCT	PRO NOW MOR REL PRO NIL	Hij is groter dan ik .
PRON AUX VERB ADP DET NOUN ADP PROPN PUNCT	PRO NOW IST REL DEF CON REL ORG NIL	Hij is verslaafd aan de koffie van Starbucks .
NUM ADV NUM AUX ADJ ADP NUM PUNCT	QUC CON QUC NIL IST REL QUC NIL	Eén plus twee is gelijk aan drie .
PRON VERB ADP DET NOUN PUNCT	PRO EPS REL DEF CON NIL	Ze zat op de bank .
PRON AUX PRON NOUN PUNCT	PRO ENS HAS ROL NIL	Hij is mijn vriend .
PRON VERB DET ADJ PUNCT	PRO ENS DEF ROL NIL	Ik respecteer de ouderen .
ADV VERB DET NOUN PUNCT	QUE ENS DEF CON QUE	Waar zijn de parkeermeters ?
PRON VERB PRON PRON NOUN PUNCT	PRO EPS PRO HAS CON NIL	Ze gaf hem zijn jas .
PRON VERB DET NOUN PUNCT	PRO EPS DEF CON NIL	Wij wonnen de bronzen~medaille .
DET NOUN AUX ADJ PUNCT	DEF CON PST DEG NIL	De kamer was warm .
ADV VERB DET NOUN PUNCT	QUE ENS DEF CON QUE	Waar zijn de reddingsboten ?
PRON VERB NUM NOUN ADP PROPN PUNCT	PRO EPS QUC UOM REL GPE NIL	Hij werkte anderhalf jaar in Nederland .
PRON NOUN AUX ADJ PUNCT	HAS CON NOW DEG NIL	Zijn benen zijn lang .
PRON VERB PROPN PUNCT	PRO ENS CON NIL	Ik neem Lipitor .
NOUN PROPN VERB PROPN PUNCT	ROL PER ENS CON NIL	Mevrouw Jones doceert informatica .
PROPN AUX PRON NOUN ADP DET ADJ NOUN ADP DET NOUN PUNCT	PER EPS HAS CON REL DEF DEG CON REL DEF CON NIL	Tom kerfde zijn initialen in de grote eik voor de school .
PRON NOUN AUX NUM NOUN ADJ PUNCT	HAS ROL NOW QUC UOM DEG NIL	Mijn zoon is tien jaar oud .
PROPN VERB DET NOUN ADP DET NOUN PUNCT	PER EPS DEF CON REL DEF CON NIL	Tom plaatste de map op de tafel .
PRON AUX ADV VERB PUNCT	PRO NOW NOT EXT NIL	Zij heeft niet geluisterd .
PROPN VERB SCONJ PRON DET NOUN AUX PUNCT	PER EPS SUB PRO DIS CON EPS NIL	Tom zei dat het een noodgeval was .
